pair,event,ioi_cafe_s,ioi_azul_s,nominal_period_s,silence_cafe_s,overlap_cafe_s,classification
B_open,0,0.5427664399092973,0.5863038548752835,0.6,0.014766439909297269,0.0,clean
B_open,1,0.5688888888888886,0.5979138321995467,0.6,0.04088888888888853,0.0,clean
B_open,2,0.6008163265306128,0.6124263038548747,0.6,0.07281632653061276,0.0,clean
B_open,3,0.5775963718820858,0.583401360544217,0.6,0.049596371882085766,0.0,clean
B_open,4,0.5834013605442179,0.6124263038548747,0.6,0.05540136054421785,0.0,clean
B_open,5,0.6356462585034013,0.5921088435374156,0.6,0.10764625850340126,0.0,clean
B_open,6,0.5804988662131523,0.5863038548752844,0.6,0.05249886621315225,0.0,clean
B_open,7,0.5543764172335601,0.6066213151927435,0.6,0.0263764172335601,0.0,clean
B_open,8,0.6182312925170059,0.5804988662131514,0.6,0.0902312925170059,0.0,clean
B_open,9,0.6240362811791389,0.5921088435374156,0.6,0.09603628117913887,0.0,clean
B_open,10,0.5775963718820858,0.6124263038548747,0.6,0.049596371882085766,0.0,clean
B_open,11,0.6037188208616779,0.6298412698412701,0.6,0.07571882086167792,0.0,clean
B_open,12,0.5195464852607721,0.5892063492063482,0.6,0.0,0.008453514739227952,clean
B_open,13,0.5717913832199546,0.6327437641723357,0.6,0.04379138321995457,0.0,clean
B_open,14,0.5717913832199546,0.6066213151927435,0.6,0.04379138321995457,0.0,clean
B_open,15,0.6095238095238091,0.5892063492063517,0.6,0.08152380952380911,0.0,clean
B_open,16,0.6240362811791389,0.5659863945578216,0.6,0.09603628117913887,0.0,clean
B_open,17,0.5514739229024936,0.6182312925170059,0.6,0.023473922902493616,0.0,clean
B_open,18,0.6066213151927453,0.5979138321995485,0.6,0.07862131519274529,0.0,clean
B_open,19,0.6153287981859421,0.6095238095238074,0.6,0.08732879818594208,0.0,clean
B_open,20,0.6240362811791371,0.568888888888889,0.6,0.0960362811791371,0.0,clean
B_open,21,0.6182312925170059,0.5979138321995485,0.6,0.0902312925170059,0.0,clean
B_open,22,0.568888888888889,0.5659863945578216,0.6,0.040888888888888975,0.0,clean
B_open,23,0.6037188208616797,0.6008163265306123,0.6,0.07571882086167969,0.0,clean
B_open,24,0.568888888888889,0.6153287981859421,0.6,0.040888888888888975,0.0,clean
B_open,25,0.577596371882084,0.6095238095238074,0.6,0.04959637188208399,0.0,clean
B_open,26,0.6037188208616797,0.6037188208616797,0.6,0.07571882086167969,0.0,clean
B_open,27,0.5950113378684811,0.5630839002267578,0.6,0.06701133786848112,0.0,clean
B_open,28,0.6327437641723357,0.6211337868480733,0.6,0.10474376417233566,0.0,clean
B_open,29,0.597913832199545,0.5863038548752826,0.6,0.06991383219954495,0.0,clean
B_open,30,0.5746938775510202,0.5863038548752826,0.6,0.04669387755102017,0.0,clean
B_open,31,0.6269387755102045,0.5950113378684811,0.6,0.09893877551020447,0.0,clean
B_open,32,0.6008163265306123,0.6385487528344669,0.6,0.07281632653061232,0.0,clean
B_open,33,0.6066213151927435,0.6153287981859421,0.6,0.07862131519274351,0.0,clean
B_open,34,0.597913832199545,0.6211337868480697,0.6,0.06991383219954495,0.0,clean
B_open,35,0.5950113378684811,0.5950113378684811,0.6,0.06701133786848112,0.0,clean
B_open,36,0.5834013605442188,0.5834013605442188,0.6,0.055401360544218736,0.0,clean
B_open,37,0.6211337868480733,0.6211337868480733,0.6,0.09313378684807327,0.0,clean
B_open,38,0.597913832199545,0.5921088435374138,0.6,0.06991383219954495,0.0,clean
B_open,39,0.6124263038548747,0.6153287981859421,0.6,0.0844263038548747,0.0,clean
B_open,40,0.6211337868480733,0.58920634920635,0.6,0.09313378684807327,0.0,clean
B_open,41,0.58920634920635,0.6298412698412683,0.6,0.06120634920634993,0.0,clean
B_open,42,0.5863038548752826,0.597913832199545,0.6,0.05830385487528256,0.0,clean
B_open,43,0.5921088435374138,0.5572789115646302,0.6,0.06410884353741375,0.0,clean
B_open,44,0.6153287981859421,0.5746938775510202,0.6,0.08732879818594208,0.0,clean
B_open,45,0.5950113378684847,0.6269387755102045,0.6,0.06701133786848468,0.0,clean
B_open,46,0.5863038548752826,0.6182312925170024,0.6,0.05830385487528256,0.0,clean
B_open,47,0.5921088435374102,0.5863038548752826,0.6,0.0641088435374102,0.0,clean
B_open,48,0.6153287981859421,0.6037188208616797,0.6,0.08732879818594208,0.0,clean
B_open,49,0.5950113378684847,0.6008163265306123,0.6,0.06701133786848468,0.0,clean
B_open,50,0.6037188208616726,0.597913832199545,0.6,0.07571882086167259,0.0,clean
B_open,51,0.6182312925170095,0.5746938775510202,0.6,0.09023129251700945,0.0,clean
B_open,52,0.5543764172335628,0.6124263038548818,0.6,0.026376417233562766,0.0,clean
B_open,53,0.6095238095238074,0.60662131519274,0.6,0.08152380952380733,0.0,clean
B_open,54,0.5921088435374173,0.6066213151927471,0.6,0.0641088435374173,0.0,clean
B_open,55,0.5834013605442152,0.615328798185935,0.6,0.055401360544215184,0.0,clean
B_open,56,0.6269387755102045,0.6037188208616797,0.6,0.09893877551020447,0.0,clean
B_open,57,0.6327437641723321,0.5863038548752826,0.6,0.10474376417233211,0.0,clean
B_open,58,0.5834013605442223,0.6037188208616797,0.6,0.05540136054422229,0.0,clean
B_open,59,0.597913832199545,0.597913832199545,0.6,0.06991383219954495,0.0,clean
B_open,60,0.5514739229024954,0.6153287981859421,0.6,0.023473922902495392,0.0,clean
B_open,61,0.5921088435374102,0.6008163265306123,0.6,0.0641088435374102,0.0,clean
B_open,62,0.6153287981859421,0.5775963718820876,0.6,0.08732879818594208,0.0,clean
B_open,63,0.5514739229024954,0.6095238095238074,0.6,0.023473922902495392,0.0,clean
B_open,64,0.6298412698412719,0.5746938775510202,0.6,0.10184126984127184,0.0,clean
B_open,65,0.5834013605442152,0.6356462585033995,0.6,0.055401360544215184,0.0,clean
B_open,66,0.5834013605442152,0.6037188208616797,0.6,0.055401360544215184,0.0,clean
B_open,67,0.6356462585034066,0.58920634920635,0.6,0.10764625850340659,0.0,clean
B_open,68,0.6385487528344669,0.6182312925170095,0.6,0.11054875283446686,0.0,clean
B_open,69,0.5804988662131478,0.5950113378684776,0.6,0.05249886621314781,0.0,clean
B_open,70,0.6182312925170095,0.6008163265306123,0.6,0.09023129251700945,0.0,clean
B_open,71,0.60662131519274,0.6066213151927471,0.6,0.07862131519273996,0.0,clean
B_open,72,0.5804988662131549,0.5950113378684776,0.6,0.052498866213154916,0.0,clean
B_open,73,0.5834013605442152,0.6066213151927471,0.6,0.055401360544215184,0.0,clean
B_open,74,0.5921088435374173,0.58920634920635,0.6,0.0641088435374173,0.0,clean
B_open,75,0.58920634920635,0.6037188208616726,0.6,0.06120634920634993,0.0,clean
B_open,76,0.5804988662131549,0.5688888888888926,0.6,0.052498866213154916,0.0,clean
B_open,77,0.6240362811791371,0.6182312925170024,0.6,0.0960362811791371,0.0,clean
B_open,78,0.5950113378684776,0.6269387755102045,0.6,0.06701133786847757,0.0,clean
B_open,79,0.6182312925170095,0.539863945578233,0.6,0.09023129251700945,0.0,clean
B_open,80,0.6153287981859421,0.5863038548752826,0.6,0.08732879818594208,0.0,clean
B_open,81,0.5863038548752826,0.5834013605442223,0.6,0.05830385487528256,0.0,clean
B_open,82,0.6240362811791371,0.6298412698412648,0.6,0.0960362811791371,0.0,clean
B_open,83,0.58920634920635,0.6037188208616797,0.6,0.06120634920634993,0.0,clean
B_open,84,0.597913832199545,0.5834013605442152,0.6,0.06991383219954495,0.0,clean
B_open,85,0.5804988662131549,0.6153287981859421,0.6,0.052498866213154916,0.0,clean
B_open,86,0.5543764172335557,0.6124263038548747,0.6,0.02637641723355566,0.0,clean
B_open,87,0.58920634920635,0.5834013605442223,0.6,0.06120634920634993,0.0,clean
B_open,88,0.5863038548752826,0.5514739229024954,0.6,0.05830385487528256,0.0,clean
B_open,89,0.6414512471655343,0.6530612244897895,0.6,0.11345124716553423,0.0,clean
B_open,90,0.58920634920635,0.6153287981859421,0.6,0.06120634920634993,0.0,clean
B_open,91,0.5834013605442152,0.5601814058956904,0.6,0.055401360544215184,0.0,clean
B_open,92,0.5746938775510202,0.6124263038548818,0.6,0.04669387755102017,0.0,clean
B_open,93,0.6240362811791371,0.5775963718820805,0.6,0.0960362811791371,0.0,clean
B_open,94,0.655963718820864,0.6095238095238074,0.6,0.127963718820864,0.0,clean
B_open,95,0.5921088435374173,0.6008163265306194,0.6,0.0641088435374173,0.0,clean
E_open,0,0.6501587301587302,0.5543764172335601,0.6,0.12215873015873013,0.0,clean
E_open,1,0.5921088435374151,0.6124263038548747,0.6,0.06410884353741508,0.0,clean
E_open,2,0.5804988662131518,0.5921088435374147,0.6,0.05249886621315181,0.0,clean
E_open,3,0.60952380952381,0.5921088435374156,0.6,0.08152380952381,0.0,clean
E_open,4,0.5572789115646257,0.6124263038548747,0.6,0.029278911564625698,0.0,clean
E_open,5,0.6443537414965981,0.6327437641723366,0.6,0.11635374149659805,0.0,clean
E_open,6,0.5950113378684811,0.6298412698412701,0.6,0.06701133786848112,0.0,clean
E_open,7,0.6269387755102036,0.5775963718820858,0.6,0.09893877551020358,0.0,clean
E_open,8,0.5979138321995467,0.5746938775510202,0.6,0.06991383219954672,0.0,clean
E_open,9,0.6066213151927444,0.583401360544217,0.6,0.0786213151927444,0.0,clean
E_open,10,0.5804988662131514,0.5950113378684811,0.6,0.05249886621315136,0.0,clean
E_open,11,0.6095238095238109,0.6037188208616779,0.6,0.08152380952381089,0.0,clean
E_open,12,0.5601814058956904,0.6182312925170077,0.6,0.03218140589569041,0.0,clean
E_open,13,0.58920634920635,0.5863038548752826,0.6,0.06120634920634993,0.0,clean
E_open,14,0.5921088435374138,0.5659863945578234,0.6,0.06410884353741375,0.0,clean
E_open,15,0.6182312925170077,0.6124263038548747,0.6,0.09023129251700768,0.0,clean
E_open,16,0.6008163265306123,0.6385487528344669,0.6,0.07281632653061232,0.0,clean
E_open,17,0.5775963718820858,0.5950113378684811,0.6,0.049596371882085766,0.0,clean
E_open,18,0.5369614512471657,0.6066213151927453,0.6,0.00896145124716563,0.0,clean
E_open,19,0.5834013605442152,0.5717913832199528,0.6,0.055401360544215184,0.0,clean
E_open,20,0.5863038548752861,0.6124263038548747,0.6,0.05830385487528611,0.0,clean
E_open,21,0.6617687074829917,0.6153287981859421,0.6,0.13376870748299163,0.0,clean
E_open,22,0.568888888888889,0.5746938775510202,0.6,0.040888888888888975,0.0,clean
E_open,23,0.6124263038548747,0.6124263038548747,0.6,0.0844263038548747,0.0,clean
E_open,24,0.5804988662131514,0.5572789115646266,0.6,0.05249886621315136,0.0,clean
E_open,25,0.58920634920635,0.6240362811791371,0.6,0.06120634920634993,0.0,clean
E_open,26,0.6240362811791371,0.6124263038548747,0.6,0.0960362811791371,0.0,clean
E_open,27,0.6095238095238109,0.6240362811791407,0.6,0.08152380952381089,0.0,clean
E_open,28,0.6182312925170059,0.5863038548752826,0.6,0.0902312925170059,0.0,clean
E_open,29,0.5921088435374173,0.6008163265306123,0.6,0.0641088435374173,0.0,clean
E_open,30,0.6124263038548747,0.5950113378684811,0.6,0.0844263038548747,0.0,clean
E_open,31,0.5630839002267578,0.597913832199545,0.6,0.03508390022675778,0.0,clean
E_open,32,0.5892063492063464,0.6472562358276654,0.6,0.06120634920634638,0.0,clean
E_open,33,0.6095238095238109,0.5659863945578216,0.6,0.08152380952381089,0.0,clean
E_open,34,0.5979138321995485,0.6443537414966016,0.6,0.0699138321995485,0.0,clean
E_open,35,0.6066213151927435,0.5834013605442152,0.6,0.07862131519274351,0.0,clean
E_open,36,0.5950113378684776,0.5775963718820876,0.6,0.06701133786847757,0.0,clean
E_open,37,0.5979138321995485,0.6095238095238109,0.6,0.0699138321995485,0.0,clean
E_open,38,0.6153287981859421,0.5804988662131514,0.6,0.08732879818594208,0.0,clean
E_open,39,0.5892063492063464,0.6182312925170059,0.6,0.06120634920634638,0.0,clean
E_open,40,0.6240362811791407,0.5863038548752826,0.6,0.09603628117914065,0.0,clean
E_open,41,0.597913832199545,0.6153287981859421,0.6,0.06991383219954495,0.0,clean
E_open,42,0.6356462585033995,0.597913832199545,0.6,0.10764625850339948,0.0,clean
E_open,43,0.5659863945578252,0.6153287981859421,0.6,0.037986394557825154,0.0,clean
E_open,44,0.5659863945578252,0.6008163265306159,0.6,0.037986394557825154,0.0,clean
E_open,45,0.6124263038548747,0.5834013605442152,0.6,0.0844263038548747,0.0,clean
E_open,46,0.5630839002267578,0.6008163265306123,0.6,0.03508390022675778,0.0,clean
E_open,47,0.6153287981859421,0.6066213151927471,0.6,0.08732879818594208,0.0,clean
E_open,48,0.6008163265306123,0.6095238095238074,0.6,0.07281632653061232,0.0,clean
E_open,49,0.6095238095238074,0.6008163265306123,0.6,0.08152380952380733,0.0,clean
E_open,50,0.6008163265306123,0.6037188208616797,0.6,0.07281632653061232,0.0,clean
E_open,51,0.6501587301587293,0.6153287981859421,0.6,0.12215873015872925,0.0,clean
E_open,52,0.6269387755102045,0.5863038548752826,0.6,0.09893877551020447,0.0,clean
E_open,53,0.5834013605442223,0.6240362811791371,0.6,0.05540136054422229,0.0,clean
E_open,54,0.5688888888888854,0.5746938775510202,0.6,0.04088888888888542,0.0,clean
E_open,55,0.6414512471655343,0.6124263038548747,0.6,0.11345124716553423,0.0,clean
E_open,56,0.5921088435374173,0.5950113378684847,0.6,0.0641088435374173,0.0,clean
E_open,57,0.5950113378684776,0.5950113378684776,0.6,0.06701133786847757,0.0,clean
E_open,58,0.5630839002267578,0.5950113378684776,0.6,0.03508390022675778,0.0,clean
E_open,59,0.6008163265306123,0.6298412698412719,0.6,0.07281632653061232,0.0,clean
E_open,60,0.5950113378684776,0.5456689342403607,0.6,0.06701133786847757,0.0,clean
E_open,61,0.5282539682539706,0.597913832199545,0.6,0.0002539682539706156,0.0,clean
E_open,62,0.6675736961451264,0.6153287981859421,0.6,0.13957369614512638,0.0,clean
E_open,63,0.5630839002267578,0.597913832199545,0.6,0.03508390022675778,0.0,clean
E_open,64,0.6327437641723321,0.6501587301587293,0.6,0.10474376417233211,0.0,clean
E_open,65,0.5746938775510202,0.5921088435374173,0.6,0.04669387755102017,0.0,clean
E_open,66,0.58920634920635,0.5863038548752826,0.6,0.06120634920634993,0.0,clean
E_open,67,0.6095238095238074,0.5804988662131549,0.6,0.08152380952380733,0.0,clean
E_open,68,0.5804988662131549,0.597913832199545,0.6,0.052498866213154916,0.0,clean
E_open,69,0.6008163265306123,0.6124263038548747,0.6,0.07281632653061232,0.0,clean
E_open,70,0.5921088435374102,0.6240362811791371,0.6,0.0641088435374102,0.0,clean
E_open,71,0.5834013605442223,0.6124263038548747,0.6,0.05540136054422229,0.0,clean
E_open,72,0.539863945578233,0.5921088435374173,0.6,0.011863945578233004,0.0,clean
E_open,73,0.6501587301587293,0.58920634920635,0.6,0.12215873015872925,0.0,clean
E_open,74,0.6240362811791371,0.5804988662131549,0.6,0.0960362811791371,0.0,clean
E_open,75,0.5166439909297011,0.5746938775510202,0.6,0.0,0.011356009070298878,clean
E_open,76,0.6327437641723392,0.5775963718820805,0.6,0.10474376417233922,0.0,clean
E_open,77,0.6269387755102045,0.6124263038548747,0.6,0.09893877551020447,0.0,clean
E_open,78,0.6240362811791371,0.6008163265306123,0.6,0.0960362811791371,0.0,clean
E_open,79,0.5630839002267578,0.6182312925170095,0.6,0.03508390022675778,0.0,clean
E_open,80,0.6385487528344669,0.5834013605442152,0.6,0.11054875283446686,0.0,clean
E_open,81,0.5834013605442152,0.6182312925170095,0.6,0.055401360544215184,0.0,clean
E_open,82,0.5863038548752826,0.60662131519274,0.6,0.05830385487528256,0.0,clean
E_open,83,0.6037188208616797,0.5950113378684776,0.6,0.07571882086167969,0.0,clean
E_open,84,0.6095238095238145,0.5804988662131549,0.6,0.08152380952381444,0.0,clean
E_open,85,0.5863038548752826,0.6240362811791371,0.6,0.05830385487528256,0.0,clean
E_open,86,0.6095238095238074,0.6037188208616797,0.6,0.08152380952380733,0.0,clean
E_open,87,0.6240362811791371,0.5630839002267578,0.6,0.0960362811791371,0.0,clean
E_open,88,0.5863038548752826,0.6182312925170095,0.6,0.05830385487528256,0.0,clean
E_open,89,0.5863038548752826,0.597913832199545,0.6,0.05830385487528256,0.0,clean
E_open,90,0.5834013605442223,0.5950113378684776,0.6,0.05540136054422229,0.0,clean
A_open,0,0.6153287981859412,0.5921088435374147,0.6,0.08732879818594119,0.0,clean
A_open,1,0.6211337868480724,0.5979138321995467,0.6,0.09313378684807239,0.0,clean
A_open,2,0.6240362811791385,0.6095238095238091,0.6,0.09603628117913843,0.0,clean
A_open,3,0.5921088435374147,0.5863038548752835,0.6,0.06410884353741464,0.0,clean
A_open,4,0.5746938775510202,0.5775963718820858,0.6,0.04669387755102017,0.0,clean
A_open,5,0.6008163265306123,0.6153287981859421,0.6,0.07281632653061232,0.0,clean
A_open,6,0.5921088435374156,0.6066213151927435,0.6,0.06410884353741553,0.0,clean
A_open,7,0.5950113378684803,0.5775963718820858,0.6,0.06701133786848024,0.0,clean
A_open,8,0.6298412698412701,0.5921088435374156,0.6,0.10184126984127007,0.0,clean
A_open,9,0.58920634920635,0.6066213151927435,0.6,0.06120634920634993,0.0,clean
A_open,10,0.6095238095238091,0.6008163265306123,0.6,0.08152380952380911,0.0,clean
A_open,11,0.6182312925170059,0.583401360544217,0.6,0.0902312925170059,0.0,clean
A_open,12,0.5834013605442188,0.6240362811791389,0.6,0.055401360544218736,0.0,clean
A_open,13,0.6124263038548747,0.6037188208616779,0.6,0.0844263038548747,0.0,clean
A_open,14,0.583401360544217,0.5979138321995467,0.6,0.05540136054421696,0.0,clean
A_open,15,0.6124263038548765,0.5979138321995467,0.6,0.08442630385487648,0.0,clean
A_open,16,0.6211337868480733,0.5892063492063482,0.6,0.09313378684807327,0.0,clean
A_open,17,0.5804988662131514,0.568888888888889,0.6,0.05249886621315136,0.0,clean
A_open,18,0.5834013605442188,0.6182312925170059,0.6,0.055401360544218736,0.0,clean
A_open,19,0.6153287981859421,0.6124263038548783,0.6,0.08732879818594208,0.0,clean
A_open,20,0.5688888888888854,0.597913832199545,0.6,0.04088888888888542,0.0,clean
A_open,21,0.6182312925170095,0.6414512471655343,0.6,0.09023129251700945,0.0,clean
A_open,22,0.6240362811791371,0.5804988662131514,0.6,0.0960362811791371,0.0,clean
A_open,23,0.5921088435374138,0.597913832199545,0.6,0.06410884353741375,0.0,clean
A_open,24,0.6008163265306123,0.5717913832199564,0.6,0.07281632653061232,0.0,clean
A_open,25,0.5950113378684811,0.6066213151927435,0.6,0.06701133786848112,0.0,clean
A_open,26,0.5456689342403642,0.6153287981859386,0.6,0.017668934240364198,0.0,clean
A_open,27,0.6559637188208605,0.5979138321995485,0.6,0.12796371882086044,0.0,clean
A_open,28,0.5921088435374173,0.6037188208616762,0.6,0.0641088435374173,0.0,clean
A_open,29,0.5921088435374138,0.5921088435374173,0.6,0.06410884353741375,0.0,clean
A_open,30,0.6240362811791407,0.58920634920635,0.6,0.09603628117914065,0.0,clean
A_open,31,0.5892063492063464,0.5892063492063464,0.6,0.06120634920634638,0.0,clean
A_open,32,0.6124263038548747,0.6095238095238109,0.6,0.0844263038548747,0.0,clean
A_open,33,0.58920634920635,0.6008163265306123,0.6,0.06120634920634993,0.0,clean
A_open,34,0.6124263038548747,0.597913832199545,0.6,0.0844263038548747,0.0,clean
A_open,35,0.5863038548752861,0.5921088435374138,0.6,0.05830385487528611,0.0,clean
A_open,36,0.6182312925170059,0.6095238095238109,0.6,0.0902312925170059,0.0,clean
A_open,37,0.597913832199545,0.6269387755102045,0.6,0.06991383219954495,0.0,clean
A_open,38,0.6008163265306123,0.5572789115646266,0.6,0.07281632653061232,0.0,clean
A_open,39,0.5804988662131514,0.597913832199545,0.6,0.05249886621315136,0.0,clean
A_open,40,0.6095238095238109,0.6066213151927435,0.6,0.08152380952381089,0.0,clean
A_open,41,0.6008163265306123,0.6124263038548747,0.6,0.07281632653061232,0.0,clean
A_open,42,0.5863038548752826,0.5863038548752826,0.6,0.05830385487528256,0.0,clean
A_open,43,0.6414512471655343,0.6240362811791371,0.6,0.11345124716553423,0.0,clean
A_open,44,0.6240362811791371,0.5921088435374173,0.6,0.0960362811791371,0.0,clean
A_open,45,0.6008163265306123,0.5921088435374102,0.6,0.07281632653061232,0.0,clean
A_open,46,0.5543764172335628,0.5863038548752897,0.6,0.026376417233562766,0.0,clean
A_open,47,0.6008163265306123,0.5892063492063428,0.6,0.07281632653061232,0.0,clean
A_open,48,0.5921088435374173,0.5921088435374173,0.6,0.0641088435374173,0.0,clean
A_open,49,0.6298412698412719,0.6008163265306123,0.6,0.10184126984127184,0.0,clean
A_open,50,0.5659863945578181,0.6327437641723392,0.6,0.03798639455781805,0.0,clean
A_open,51,0.6443537414966016,0.597913832199545,0.6,0.1163537414966016,0.0,clean
A_open,52,0.5834013605442152,0.6153287981859421,0.6,0.055401360544215184,0.0,clean
A_open,53,0.5804988662131549,0.5746938775510202,0.6,0.052498866213154916,0.0,clean
A_open,54,0.6008163265306123,0.58920634920635,0.6,0.07281632653061232,0.0,clean
A_open,55,0.5775963718820876,0.6182312925170024,0.6,0.04959637188208754,0.0,clean
A_open,56,0.5863038548752826,0.5863038548752826,0.6,0.05830385487528256,0.0,clean
A_open,57,0.58920634920635,0.6385487528344669,0.6,0.06120634920634993,0.0,clean
A_open,58,0.5892063492063428,0.5804988662131549,0.6,0.061206349206342825,0.0,clean
A_open,59,0.6153287981859421,0.6008163265306123,0.6,0.08732879818594208,0.0,clean
A_open,60,0.6153287981859421,0.6124263038548747,0.6,0.08732879818594208,0.0,clean
A_open,61,0.5746938775510202,0.5834013605442152,0.6,0.04669387755102017,0.0,clean
A_open,62,0.6008163265306123,0.6066213151927471,0.6,0.07281632653061232,0.0,clean
A_open,63,0.6008163265306123,0.5717913832199528,0.6,0.07281632653061232,0.0,clean
A_open,64,0.6240362811791371,0.6182312925170095,0.6,0.0960362811791371,0.0,clean
A_open,65,0.5630839002267578,0.5950113378684776,0.6,0.03508390022675778,0.0,clean
A_open,66,0.6240362811791371,0.6008163265306123,0.6,0.0960362811791371,0.0,clean
A_open,67,0.6153287981859421,0.548571428571428,0.6,0.08732879818594208,0.0,clean
A_open,68,0.58920634920635,0.664671201814059,0.6,0.06120634920634993,0.0,clean
A_open,69,0.5950113378684847,0.5746938775510202,0.6,0.06701133786848468,0.0,clean
A_open,70,0.6298412698412648,0.5834013605442223,0.6,0.10184126984126474,0.0,clean
A_open,71,0.6153287981859421,0.615328798185935,0.6,0.08732879818594208,0.0,clean
A_open,72,0.58920634920635,0.6066213151927471,0.6,0.06120634920634993,0.0,clean
A_open,73,0.6037188208616797,0.6037188208616797,0.6,0.07571882086167969,0.0,clean
A_open,74,0.5717913832199528,0.6037188208616797,0.6,0.043791383219952795,0.0,clean
A_open,75,0.5630839002267578,0.5746938775510202,0.6,0.03508390022675778,0.0,clean
A_open,76,0.58920634920635,0.5834013605442152,0.6,0.06120634920634993,0.0,clean
A_open,77,0.5834013605442223,0.6124263038548747,0.6,0.05540136054422229,0.0,clean
A_open,78,0.5950113378684776,0.6124263038548747,0.6,0.06701133786847757,0.0,clean
A_open,79,0.58920634920635,0.597913832199545,0.6,0.06120634920634993,0.0,clean
A_open,80,0.6037188208616797,0.6066213151927471,0.6,0.07571882086167969,0.0,clean
A_open,81,0.6182312925170024,0.597913832199545,0.6,0.09023129251700235,0.0,clean
A_open,82,0.6182312925170095,0.6037188208616726,0.6,0.09023129251700945,0.0,clean
A_open,83,0.6211337868480697,0.5427664399093004,0.6,0.09313378684806972,0.0,clean
A_open,84,0.5717913832199599,0.6037188208616726,0.6,0.0437913832199599,0.0,clean
A_open,85,0.5950113378684776,0.5950113378684847,0.6,0.06701133786847757,0.0,clean
A_open,86,0.5804988662131549,0.5630839002267507,0.6,0.052498866213154916,0.0,clean
A_open,87,0.6356462585033995,0.6037188208616797,0.6,0.10764625850339948,0.0,clean
A_open,88,0.5804988662131478,0.6211337868480769,0.6,0.05249886621314781,0.0,clean
A_open,89,0.6153287981859492,0.6037188208616726,0.6,0.08732879818594919,0.0,clean
D_open,0,0.5863038548752835,0.624036281179138,0.6,0.058303854875283445,0.0,clean
D_open,1,0.568888888888889,0.6211337868480724,0.6,0.040888888888888975,0.0,clean
D_open,2,0.6153287981859421,0.6298412698412701,0.6,0.08732879818594208,0.0,clean
D_open,3,0.6240362811791389,0.6124263038548747,0.6,0.09603628117913887,0.0,clean
D_open,4,0.5514739229024936,0.5863038548752844,0.6,0.023473922902493616,0.0,clean
D_open,5,0.6124263038548765,0.6211337868480715,0.6,0.08442630385487648,0.0,clean
D_open,6,0.6037188208616797,0.6182312925170059,0.6,0.07571882086167969,0.0,clean
D_open,7,0.6008163265306123,0.6124263038548747,0.6,0.07281632653061232,0.0,clean
D_open,8,0.5311564625850345,0.5804988662131514,0.6,0.0031564625850344363,0.0,clean
D_open,9,0.5746938775510202,0.6066213151927435,0.6,0.04669387755102017,0.0,clean
D_open,10,0.6008163265306123,0.6356462585034031,0.6,0.07281632653061232,0.0,clean
D_open,11,0.5630839002267578,0.6472562358276619,0.6,0.03508390022675778,0.0,clean
D_open,12,0.5311564625850345,0.6095238095238074,0.6,0.0031564625850344363,0.0,clean
D_open,13,0.6269387755101974,0.6095238095238074,0.6,0.09893877551019736,0.0,clean
D_open,14,0.5746938775510202,0.6037188208616797,0.6,0.04669387755102017,0.0,clean
D_open,15,0.5456689342403678,0.6211337868480697,0.6,0.01766893424036775,0.0,clean
D_open,16,0.6008163265306123,0.5804988662131478,0.6,0.07281632653061232,0.0,clean
D_open,17,0.5950113378684776,0.5950113378684776,0.6,0.06701133786847757,0.0,clean
D_open,18,0.5775963718820876,0.6240362811791371,0.6,0.04959637188208754,0.0,clean
D_open,19,0.5572789115646231,0.6008163265306123,0.6,0.029278911564623034,0.0,clean
D_open,20,0.5921088435374173,0.60662131519274,0.6,0.0641088435374173,0.0,clean
D_open,21,0.539863945578233,0.5921088435374102,0.6,0.011863945578233004,0.0,clean
D_open,22,0.5950113378684847,0.6008163265306123,0.6,0.06701133786848468,0.0,clean
D_open,23,0.6269387755102045,0.6066213151927471,0.6,0.09893877551020447,0.0,clean
D_open,24,0.597913832199545,0.5921088435374173,0.6,0.06991383219954495,0.0,clean
D_open,25,0.6008163265306123,0.6008163265306123,0.6,0.07281632653061232,0.0,clean
D_open,26,0.6153287981859421,0.58920634920635,0.6,0.08732879818594208,0.0,clean
D_open,27,0.6037188208616797,0.5834013605442152,0.6,0.07571882086167969,0.0,clean
D_open,28,0.5630839002267578,0.6008163265306123,0.6,0.03508390022675778,0.0,clean
D_open,29,0.5775963718820876,0.6124263038548747,0.6,0.04959637188208754,0.0,clean
D_open,30,0.5050340136054388,,0.6,0.0,0.022965986394561266,clean
G_open,0,0.6356462585034013,0.6153287981859412,0.6,0.10764625850340126,0.0,clean
G_open,1,0.6211337868480729,0.6037188208616779,0.6,0.09313378684807283,0.0,clean
G_open,2,0.5950113378684807,0.6037188208616779,0.6,0.06701133786848068,0.0,clean
G_open,3,0.5775963718820858,0.5892063492063491,0.6,0.049596371882085766,0.0,clean
G_open,4,0.5921088435374156,0.5950113378684803,0.6,0.06410884353741553,0.0,clean
G_open,5,0.6037188208616779,0.6095238095238109,0.6,0.07571882086167792,0.0,clean
G_open,6,0.624036281179138,0.5892063492063482,0.6,0.09603628117913798,0.0,clean
G_open,7,0.5427664399092968,0.6182312925170077,0.6,0.014766439909296825,0.0,clean
G_open,8,0.5921088435374156,0.5892063492063482,0.6,0.06410884353741553,0.0,clean
G_open,9,0.6211337868480715,0.5834013605442188,0.6,0.0931337868480715,0.0,clean
G_open,10,0.5340589569161001,0.5950113378684794,0.6,0.006058956916100033,0.0,clean
G_open,11,0.6443537414965981,0.6008163265306123,0.6,0.11635374149659805,0.0,clean
G_open,12,0.6240362811791389,0.6008163265306123,0.6,0.09603628117913887,0.0,clean
G_open,13,0.5398639455782313,0.5950113378684811,0.6,0.011863945578231228,0.0,clean
G_open,14,0.548571428571428,0.6066213151927435,0.6,0.02057142857142802,0.0,clean
G_open,15,0.6153287981859403,0.6356462585034013,0.6,0.0873287981859403,0.0,clean
G_open,16,0.5863038548752844,0.5979138321995467,0.6,0.05830385487528433,0.0,clean
G_open,17,0.6240362811791389,0.6153287981859421,0.6,0.09603628117913887,0.0,clean
G_open,18,0.6269387755102027,0.5863038548752826,0.6,0.09893877551020269,0.0,clean
G_open,19,0.6037188208616797,0.5804988662131514,0.6,0.07571882086167969,0.0,clean
G_open,20,0.5804988662131514,0.597913832199545,0.6,0.05249886621315136,0.0,clean
G_open,21,0.6211337868480733,0.5921088435374173,0.6,0.09313378684807327,0.0,clean
G_open,22,0.5834013605442152,0.6095238095238074,0.6,0.055401360544215184,0.0,clean
G_open,23,0.6008163265306123,0.5921088435374173,0.6,0.07281632653061232,0.0,clean
G_open,24,0.5630839002267578,0.5804988662131514,0.6,0.03508390022675778,0.0,clean
G_open,25,0.5804988662131514,0.6240362811791371,0.6,0.05249886621315136,0.0,clean
G_open,26,0.6211337868480733,0.5659863945578216,0.6,0.09313378684807327,0.0,clean
G_open,27,0.6414512471655343,0.5979138321995485,0.6,0.11345124716553423,0.0,clean
G_open,28,0.5601814058956904,0.6008163265306123,0.6,0.03218140589569041,0.0,clean
G_open,29,0.5775963718820876,0.6066213151927435,0.6,0.04959637188208754,0.0,clean
G_open,30,0.568888888888889,0.6037188208616762,0.6,0.040888888888888975,0.0,clean
G_open,31,0.6095238095238109,0.5979138321995485,0.6,0.08152380952381089,0.0,clean
G_open,32,0.6211337868480733,0.5863038548752826,0.6,0.09313378684807327,0.0,clean
G_open,33,0.597913832199545,0.6095238095238109,0.6,0.06991383219954495,0.0,clean
G_open,34,0.5921088435374138,0.6095238095238109,0.6,0.06410884353741375,0.0,clean
G_open,35,0.5543764172335628,0.5746938775510202,0.6,0.026376417233562766,0.0,clean
G_open,36,0.5746938775510202,0.6298412698412683,0.6,0.04669387755102017,0.0,clean
G_open,37,0.6559637188208605,0.6327437641723357,0.6,0.12796371882086044,0.0,clean
G_open,38,0.5921088435374138,0.5717913832199564,0.6,0.06410884353741375,0.0,clean
G_open,39,0.5282539682539706,0.6240362811791371,0.6,0.0002539682539706156,0.0,clean
G_open,40,0.6995011337868462,0.6298412698412648,0.6,0.17150113378684617,0.0,clean
G_open,41,0.5834013605442188,0.5659863945578252,0.6,0.055401360544218736,0.0,clean
G_open,42,0.6095238095238074,0.6327437641723392,0.6,0.08152380952380733,0.0,clean
G_open,43,0.6153287981859421,0.597913832199545,0.6,0.08732879818594208,0.0,clean
G_open,44,0.5804988662131514,0.60662131519274,0.6,0.05249886621315136,0.0,clean
G_open,45,0.5921088435374138,0.5834013605442152,0.6,0.06410884353741375,0.0,clean
G_open,46,0.5804988662131549,0.5834013605442152,0.6,0.052498866213154916,0.0,clean
G_open,47,0.5863038548752826,0.6153287981859421,0.6,0.05830385487528256,0.0,clean
G_open,48,0.5688888888888926,0.6327437641723392,0.6,0.04088888888889253,0.0,clean
G_open,49,0.597913832199545,0.6037188208616726,0.6,0.06991383219954495,0.0,clean
G_open,50,0.6443537414965945,0.5921088435374173,0.6,0.1163537414965945,0.0,clean
G_open,51,0.5950113378684847,0.5950113378684847,0.6,0.06701133786848468,0.0,clean
G_open,52,0.5601814058956904,0.60662131519274,0.6,0.03218140589569041,0.0,clean
G_open,53,0.6327437641723321,0.5950113378684847,0.6,0.10474376417233211,0.0,clean
G_open,54,0.6066213151927471,0.6095238095238074,0.6,0.07862131519274707,0.0,clean
G_open,55,0.5572789115646231,0.58920634920635,0.6,0.029278911564623034,0.0,clean
G_open,56,0.6008163265306123,0.6153287981859421,0.6,0.07281632653061232,0.0,clean
G_open,57,0.60662131519274,0.5950113378684776,0.6,0.07862131519273996,0.0,clean
G_open,58,0.5456689342403678,0.58920634920635,0.6,0.01766893424036775,0.0,clean
G_open,59,0.6617687074829917,0.6530612244897966,0.6,0.13376870748299163,0.0,clean
G_open,60,0.597913832199545,0.6240362811791371,0.6,0.06991383219954495,0.0,clean
G_open,61,0.6066213151927471,0.6008163265306123,0.6,0.07862131519274707,0.0,clean
G_open,62,0.5834013605442152,0.60662131519274,0.6,0.055401360544215184,0.0,clean
G_open,63,0.655963718820864,0.58920634920635,0.6,0.127963718820864,0.0,clean
G_open,64,0.5775963718820805,0.597913832199545,0.6,0.04959637188208044,0.0,clean
G_open,65,0.5572789115646302,0.5804988662131549,0.6,0.02927891156463014,0.0,clean
G_open,66,0.5601814058956904,0.6008163265306123,0.6,0.03218140589569041,0.0,clean
G_open,67,0.5834013605442152,0.5921088435374173,0.6,0.055401360544215184,0.0,clean
G_open,68,0.6153287981859421,0.6037188208616726,0.6,0.08732879818594208,0.0,clean
G_open,69,0.548571428571428,0.6037188208616797,0.6,0.02057142857142802,0.0,clean
G_open,70,0.6269387755102045,0.6037188208616797,0.6,0.09893877551020447,0.0,clean
G_open,71,0.5717913832199528,0.5950113378684776,0.6,0.043791383219952795,0.0,clean
G_open,72,0.6008163265306123,0.6037188208616797,0.6,0.07281632653061232,0.0,clean
G_open,73,0.6356462585033995,0.597913832199545,0.6,0.10764625850339948,0.0,clean
G_open,74,0.5514739229024954,0.5921088435374102,0.6,0.023473922902495392,0.0,clean
G_open,75,0.615328798185935,0.6037188208616797,0.6,0.08732879818593497,0.0,clean
G_open,76,0.5485714285714351,0.6153287981859421,0.6,0.020571428571435124,0.0,clean
G_open,77,0.5834013605442152,0.5921088435374173,0.6,0.055401360544215184,0.0,clean
G_open,78,0.60662131519274,0.5804988662131549,0.6,0.07862131519273996,0.0,clean
G_open,79,0.6153287981859421,0.6008163265306123,0.6,0.08732879818594208,0.0,clean
G_open,80,0.5863038548752826,0.6037188208616726,0.6,0.05830385487528256,0.0,clean
G_open,81,0.6124263038548818,0.5863038548752897,0.6,0.08442630385488181,0.0,clean
G_open,82,0.499229024943304,0.6240362811791371,0.6,0.0,0.028770975056696013,clean
G_open,83,0.5572789115646302,0.5427664399092933,0.6,0.02927891156463014,0.0,clean
G_open,84,0.6849886621315164,0.6327437641723321,0.6,0.1569886621315164,0.0,clean
G_open,85,0.5108390022675735,0.6066213151927542,0.6,0.0,0.01716099773242652,clean
G_open,86,0.664671201814059,0.6153287981859421,0.6,0.136671201814059,0.0,clean
G_open,87,0.5717913832199599,0.565986394557811,0.6,0.0437913832199599,0.0,clean
C_open,0,0.6095238095238091,0.6211337868480724,0.6,0.08152380952380911,0.0,clean
C_open,1,0.6066213151927435,0.6008163265306123,0.6,0.07862131519274351,0.0,clean
C_open,2,0.6037188208616779,0.6037188208616779,0.6,0.07571882086167792,0.0,clean
C_open,3,0.6008163265306123,0.5950113378684803,0.6,0.07281632653061232,0.0,clean
C_open,4,0.5775963718820858,0.5921088435374147,0.6,0.049596371882085766,0.0,clean
C_open,5,0.5543764172335601,0.5921088435374156,0.6,0.0263764172335601,0.0,clean
C_open,6,0.6124263038548747,0.6124263038548747,0.6,0.0844263038548747,0.0,clean
C_open,7,0.6037188208616779,0.5804988662131532,0.6,0.07571882086167792,0.0,clean
C_open,8,0.5804988662131532,0.597913832199545,0.6,0.05249886621315314,0.0,clean
C_open,9,0.6008163265306123,0.6008163265306123,0.6,0.07281632653061232,0.0,clean
C_open,10,0.5804988662131514,0.6095238095238109,0.6,0.05249886621315136,0.0,clean
C_open,11,0.5659863945578234,0.597913832199545,0.6,0.03798639455782338,0.0,clean
C_open,12,0.6182312925170059,0.6066213151927453,0.6,0.0902312925170059,0.0,clean
C_open,13,0.6298412698412701,0.583401360544217,0.6,0.10184126984127007,0.0,clean
C_open,14,0.5834013605442188,0.6008163265306123,0.6,0.055401360544218736,0.0,clean
C_open,15,0.6240362811791371,0.5921088435374156,0.6,0.0960362811791371,0.0,clean
C_open,16,0.6124263038548765,0.6182312925170059,0.6,0.08442630385487648,0.0,clean
C_open,17,0.6443537414965999,0.597913832199545,0.6,0.11635374149659983,0.0,clean
C_open,18,0.5514739229024919,0.6182312925170059,0.6,0.02347392290249184,0.0,clean
C_open,19,0.5834013605442188,0.5804988662131549,0.6,0.055401360544218736,0.0,clean
C_open,20,0.6066213151927435,0.597913832199545,0.6,0.07862131519274351,0.0,clean
C_open,21,0.6182312925170059,0.6066213151927435,0.6,0.0902312925170059,0.0,clean
C_open,22,0.5427664399092968,0.5950113378684811,0.6,0.014766439909296825,0.0,clean
C_open,23,0.5746938775510202,0.597913832199545,0.6,0.04669387755102017,0.0,clean
C_open,24,0.6124263038548783,0.6298412698412719,0.6,0.08442630385487826,0.0,clean
C_open,25,0.5804988662131514,0.6211337868480733,0.6,0.05249886621315136,0.0,clean
C_open,26,0.5659863945578216,0.6153287981859386,0.6,0.0379863945578216,0.0,clean
C_open,27,0.6124263038548747,0.6124263038548747,0.6,0.0844263038548747,0.0,clean
C_open,28,0.5921088435374138,0.5950113378684811,0.6,0.06410884353741375,0.0,clean
C_open,29,0.5950113378684811,0.5921088435374138,0.6,0.06701133786848112,0.0,clean
C_open,30,0.6008163265306123,0.6211337868480733,0.6,0.07281632653061232,0.0,clean
C_open,31,0.6124263038548747,0.5775963718820876,0.6,0.0844263038548747,0.0,clean
C_open,32,0.539863945578233,0.6327437641723357,0.6,0.011863945578233004,0.0,clean
C_open,33,0.6008163265306123,0.5950113378684776,0.6,0.07281632653061232,0.0,clean
C_open,34,0.5863038548752826,0.58920634920635,0.6,0.05830385487528256,0.0,clean
C_open,35,0.58920634920635,0.5863038548752826,0.6,0.06120634920634993,0.0,clean
C_open,36,0.6240362811791371,0.6153287981859421,0.6,0.0960362811791371,0.0,clean
C_open,37,0.6008163265306123,0.6037188208616726,0.6,0.07281632653061232,0.0,clean
C_open,38,0.6153287981859421,0.5950113378684847,0.6,0.08732879818594208,0.0,clean
C_open,39,0.5456689342403642,0.5921088435374102,0.6,0.017668934240364198,0.0,clean
C_open,40,0.5950113378684847,0.5921088435374173,0.6,0.06701133786848468,0.0,clean
C_open,41,0.6008163265306123,0.6095238095238074,0.6,0.07281632653061232,0.0,clean
C_open,42,0.5659863945578181,0.6298412698412719,0.6,0.03798639455781805,0.0,clean
C_open,43,0.6269387755102045,0.5863038548752826,0.6,0.09893877551020447,0.0,clean
C_open,44,0.5688888888888854,0.5921088435374173,0.6,0.04088888888888542,0.0,clean
C_open,45,0.5950113378684847,0.6356462585033995,0.6,0.06701133786848468,0.0,clean
C_open,46,0.6211337868480697,0.5775963718820876,0.6,0.09313378684806972,0.0,clean
C_open,47,0.5717913832199528,0.6298412698412719,0.6,0.043791383219952795,0.0,clean
C_open,48,0.6327437641723392,0.6182312925170095,0.6,0.10474376417233922,0.0,clean
C_open,49,0.5601814058956904,0.5892063492063428,0.6,0.03218140589569041,0.0,clean
C_open,50,0.6095238095238074,0.5834013605442223,0.6,0.08152380952380733,0.0,clean
C_open,51,0.6008163265306123,0.6008163265306123,0.6,0.07281632653061232,0.0,clean
C_open,52,0.5543764172335628,0.5834013605442152,0.6,0.026376417233562766,0.0,clean
C_open,53,0.6095238095238074,0.6385487528344669,0.6,0.08152380952380733,0.0,clean
C_open,54,0.6182312925170095,0.6327437641723392,0.6,0.09023129251700945,0.0,clean
C_open,55,0.5630839002267507,0.5601814058956904,0.6,0.035083900226750675,0.0,clean
C_open,56,0.6675736961451264,0.6327437641723321,0.6,0.13957369614512638,0.0,clean
C_open,57,0.6153287981859421,0.58920634920635,0.6,0.08732879818594208,0.0,clean
C_open,58,0.5921088435374173,0.5950113378684776,0.6,0.0641088435374173,0.0,clean
C_open,59,0.5224489795918359,0.531156462585038,0.6,0.0,0.005551020408164131,clean
C_open,60,0.6095238095238074,0.6501587301587293,0.6,0.08152380952380733,0.0,clean
C_open,61,0.5659863945578252,0.6298412698412719,0.6,0.037986394557825154,0.0,clean
C_open,62,0.5282539682539635,0.548571428571428,0.6,0.0002539682539635102,0.0,clean
C_open,63,0.6762811791383214,0.6240362811791371,0.6,0.1482811791383214,0.0,clean
C_open,64,0.5630839002267578,0.5921088435374173,0.6,0.03508390022675778,0.0,clean
C_open,65,0.5921088435374173,0.60662131519274,0.6,0.0641088435374173,0.0,clean
C_open,66,0.6095238095238074,0.5834013605442223,0.6,0.08152380952380733,0.0,clean
C_open,67,0.548571428571428,0.5863038548752826,0.6,0.02057142857142802,0.0,clean
C_open,68,0.5340589569160983,0.6385487528344669,0.6,0.006058956916098257,0.0,clean
C_open,69,0.6066213151927471,0.6008163265306123,0.6,0.07862131519274707,0.0,clean
C_open,70,0.5921088435374173,0.6124263038548747,0.6,0.0641088435374173,0.0,clean
C_open,71,0.6269387755102045,0.6414512471655343,0.6,0.09893877551020447,0.0,clean
C_open,72,0.6182312925170024,0.5659863945578252,0.6,0.09023129251700235,0.0,clean
C_open,73,0.5863038548752897,0.6327437641723321,0.6,0.05830385487528966,0.0,clean
C_open,74,0.5282539682539635,0.58920634920635,0.6,0.0002539682539635102,0.0,clean
C_open,75,0.6240362811791371,0.6095238095238074,0.6,0.0960362811791371,0.0,clean
C_open,76,0.548571428571428,0.5514739229025025,0.6,0.02057142857142802,0.0,clean
B_12,0,0.6037188208616784,0.6182312925170068,0.6,0.07571882086167836,0.0,clean
B_12,1,0.5950113378684807,0.5804988662131514,0.6,0.06701133786848068,0.0,clean
B_12,2,0.5921088435374147,0.6037188208616779,0.6,0.06410884353741464,0.0,clean
B_12,3,0.5804988662131523,0.5921088435374156,0.6,0.05249886621315225,0.0,clean
B_12,4,0.5775963718820858,0.6037188208616779,0.6,0.049596371882085766,0.0,clean
B_12,5,0.6008163265306123,0.6066213151927435,0.6,0.07281632653061232,0.0,clean
B_12,6,0.6008163265306123,0.5921088435374138,0.6,0.07281632653061232,0.0,clean
B_12,7,0.6298412698412701,0.6153287981859421,0.6,0.10184126984127007,0.0,clean
B_12,8,0.6356462585034013,0.5950113378684794,0.6,0.10764625850340126,0.0,clean
B_12,9,0.5543764172335592,0.58920634920635,0.6,0.026376417233559213,0.0,clean
B_12,10,0.5834013605442188,0.6008163265306123,0.6,0.055401360544218736,0.0,clean
B_12,11,0.5863038548752826,0.6037188208616779,0.6,0.05830385487528256,0.0,clean
B_12,12,0.6298412698412701,0.6124263038548747,0.6,0.10184126984127007,0.0,clean
B_12,13,0.6211337868480733,0.6095238095238109,0.6,0.09313378684807327,0.0,clean
B_12,14,0.6182312925170059,0.563083900226756,0.6,0.0902312925170059,0.0,clean
B_12,15,0.6153287981859421,0.5921088435374138,0.6,0.08732879818594208,0.0,clean
B_12,16,0.5863038548752826,0.6182312925170095,0.6,0.05830385487528256,0.0,clean
B_12,17,0.5863038548752844,0.58920634920635,0.6,0.05830385487528433,0.0,clean
B_12,18,0.583401360544217,0.6153287981859386,0.6,0.05540136054421696,0.0,clean
B_12,19,0.5543764172335592,0.58920634920635,0.6,0.026376417233559213,0.0,clean
B_12,20,0.6762811791383232,0.6153287981859421,0.6,0.14828117913832317,0.0,clean
B_12,21,0.5746938775510202,0.5921088435374138,0.6,0.04669387755102017,0.0,clean
B_12,22,0.6095238095238091,0.5804988662131514,0.6,0.08152380952380911,0.0,clean
B_12,23,0.548571428571428,0.5950113378684811,0.6,0.02057142857142802,0.0,clean
B_12,24,0.6327437641723357,0.6298412698412719,0.6,0.10474376417233566,0.0,clean
B_12,25,0.560181405895694,0.5863038548752826,0.6,0.03218140589569396,0.0,clean
B_12,26,0.5921088435374138,0.6037188208616797,0.6,0.06410884353741375,0.0,clean
B_12,27,0.6356462585034031,0.6124263038548747,0.6,0.10764625850340304,0.0,clean
B_12,28,0.6211337868480697,0.58920634920635,0.6,0.09313378684806972,0.0,clean
B_12,29,0.5427664399092968,0.5950113378684811,0.6,0.014766439909296825,0.0,clean
B_12,30,0.6095238095238109,0.6182312925170059,0.6,0.08152380952381089,0.0,clean
B_12,31,0.6124263038548747,0.5659863945578216,0.6,0.0844263038548747,0.0,clean
B_12,32,0.5746938775510202,0.6327437641723357,0.6,0.04669387755102017,0.0,clean
B_12,33,0.5398639455782295,0.5804988662131549,0.6,0.011863945578229451,0.0,clean
B_12,34,0.6269387755102045,0.6124263038548747,0.6,0.09893877551020447,0.0,clean
B_12,35,0.5834013605442188,0.5746938775510202,0.6,0.055401360544218736,0.0,clean
B_12,36,0.5601814058956904,0.6008163265306123,0.6,0.03218140589569041,0.0,clean
B_12,37,0.5166439909297047,0.5950113378684811,0.6,0.0,0.011356009070295325,clean
B_12,38,0.6269387755102045,0.6153287981859421,0.6,0.09893877551020447,0.0,clean
B_12,39,0.5804988662131514,0.6269387755102045,0.6,0.05249886621315136,0.0,clean
B_12,40,0.5630839002267578,0.60662131519274,0.6,0.03508390022675778,0.0,clean
B_12,41,0.5427664399092968,0.6037188208616726,0.6,0.014766439909296825,0.0,clean
B_12,42,0.6472562358276654,0.5630839002267578,0.6,0.11925623582766542,0.0,clean
B_12,43,0.5137414965986409,,0.6,0.0,0.014258503401359146,clean
E_12,0,0.606621315192744,0.6037188208616779,0.6,0.07862131519274396,0.0,clean
E_12,1,0.6240362811791385,0.6153287981859412,0.6,0.09603628117913843,0.0,clean
E_12,2,0.6008163265306119,0.6066213151927435,0.6,0.07281632653061187,0.0,clean
E_12,3,0.5979138321995467,0.5398639455782313,0.6,0.06991383219954672,0.0,clean
E_12,4,0.5979138321995459,0.5514739229024936,0.6,0.06991383219954583,0.0,clean
E_12,5,0.6153287981859412,0.5950113378684794,0.6,0.08732879818594119,0.0,clean
E_12,6,0.5834013605442179,0.6124263038548765,0.6,0.05540136054421785,0.0,clean
E_12,7,0.5804988662131523,0.5892063492063482,0.6,0.05249886621315225,0.0,clean
E_12,8,0.624036281179138,0.5804988662131532,0.6,0.09603628117913798,0.0,clean
E_12,9,0.6008163265306123,0.5921088435374138,0.6,0.07281632653061232,0.0,clean
E_12,10,0.6037188208616779,0.6298412698412701,0.6,0.07571882086167792,0.0,clean
E_12,11,0.5950113378684811,0.6385487528344669,0.6,0.06701133786848112,0.0,clean
E_12,12,0.5979138321995467,0.5834013605442188,0.6,0.06991383219954672,0.0,clean
E_12,13,0.5746938775510202,0.5892063492063482,0.6,0.04669387755102017,0.0,clean
E_12,14,0.5834013605442188,0.5601814058956922,0.6,0.055401360544218736,0.0,clean
E_12,15,0.5775963718820858,0.6037188208616779,0.6,0.049596371882085766,0.0,clean
E_12,16,0.6182312925170059,0.6037188208616779,0.6,0.0902312925170059,0.0,clean
E_12,17,0.6066213151927435,0.6095238095238109,0.6,0.07862131519274351,0.0,clean
E_12,18,0.5863038548752844,0.6066213151927435,0.6,0.05830385487528433,0.0,clean
E_12,19,0.5979138321995467,0.5892063492063464,0.6,0.06991383219954672,0.0,clean
E_12,20,0.5950113378684811,0.6269387755102045,0.6,0.06701133786848112,0.0,clean
E_12,21,0.6182312925170059,0.6008163265306123,0.6,0.0902312925170059,0.0,clean
E_12,22,0.597913832199545,0.5746938775510202,0.6,0.06991383219954495,0.0,clean
E_12,23,0.5921088435374173,0.6037188208616797,0.6,0.0641088435374173,0.0,clean
E_12,24,0.5834013605442152,0.5950113378684811,0.6,0.055401360544215184,0.0,clean
E_12,25,0.6037188208616797,0.577596371882084,0.6,0.07571882086167969,0.0,clean
E_12,26,0.58920634920635,0.6356462585034031,0.6,0.06120634920634993,0.0,clean
E_12,27,0.6037188208616762,0.5863038548752826,0.6,0.07571882086167614,0.0,clean
E_12,28,0.6037188208616797,0.5775963718820876,0.6,0.07571882086167969,0.0,clean
E_12,29,0.597913832199545,0.6414512471655307,0.6,0.06991383219954495,0.0,clean
E_12,30,0.5921088435374173,0.6008163265306123,0.6,0.0641088435374173,0.0,clean
E_12,31,0.6182312925170059,0.6269387755102045,0.6,0.0902312925170059,0.0,clean
E_12,32,0.5863038548752826,0.6037188208616797,0.6,0.05830385487528256,0.0,clean
E_12,33,0.6124263038548747,0.6153287981859386,0.6,0.0844263038548747,0.0,clean
E_12,34,0.6153287981859421,0.5746938775510202,0.6,0.08732879818594208,0.0,clean
E_12,35,0.597913832199545,0.5834013605442188,0.6,0.06991383219954495,0.0,clean
E_12,36,0.6066213151927435,0.5950113378684811,0.6,0.07862131519274351,0.0,clean
E_12,37,0.6037188208616797,0.58920634920635,0.6,0.07571882086167969,0.0,clean
E_12,38,0.5892063492063464,0.6124263038548747,0.6,0.06120634920634638,0.0,clean
E_12,39,0.6124263038548747,0.5834013605442188,0.6,0.0844263038548747,0.0,clean
E_12,40,0.6037188208616797,0.577596371882084,0.6,0.07571882086167969,0.0,clean
E_12,41,0.6182312925170059,0.6211337868480733,0.6,0.0902312925170059,0.0,clean
E_12,42,0.6037188208616797,0.6066213151927435,0.6,0.07571882086167969,0.0,clean
E_12,43,0.577596371882084,0.5804988662131514,0.6,0.04959637188208399,0.0,clean
E_12,44,0.6182312925170059,0.6095238095238074,0.6,0.0902312925170059,0.0,clean
E_12,45,0.5834013605442223,0.5804988662131549,0.6,0.05540136054422229,0.0,clean
E_12,46,0.5863038548752826,0.6124263038548747,0.6,0.05830385487528256,0.0,clean
E_12,47,0.6153287981859421,0.6704761904761938,0.6,0.08732879818594208,0.0,clean
E_12,48,0.5514739229024883,0.548571428571428,0.6,0.023473922902488287,0.0,clean
A_12,0,0.6066213151927435,0.6066213151927435,0.6,0.07862131519274351,0.0,clean
A_12,1,0.6298412698412701,0.6153287981859412,0.6,0.10184126984127007,0.0,clean
A_12,2,0.6182312925170059,0.5921088435374147,0.6,0.0902312925170059,0.0,clean
A_12,3,0.5892063492063482,0.5514739229024945,0.6,0.061206349206348154,0.0,clean
A_12,4,0.5921088435374156,0.6153287981859403,0.6,0.06410884353741553,0.0,clean
A_12,5,0.6037188208616779,0.5921088435374138,0.6,0.07571882086167792,0.0,clean
A_12,6,0.5950113378684811,0.5543764172335592,0.6,0.06701133786848112,0.0,clean
A_12,7,0.6356462585034031,0.5950113378684811,0.6,0.10764625850340304,0.0,clean
A_12,8,0.6124263038548747,0.6327437641723357,0.6,0.0844263038548747,0.0,clean
A_12,9,0.6153287981859386,0.5834013605442188,0.6,0.08732879818593853,0.0,clean
A_12,10,0.5659863945578252,0.5775963718820911,0.6,0.037986394557825154,0.0,clean
A_12,11,0.568888888888889,0.6182312925170024,0.6,0.040888888888888975,0.0,clean
A_12,12,0.5834013605442152,0.6095238095238074,0.6,0.055401360544215184,0.0,clean
A_12,13,0.6095238095238074,0.6153287981859421,0.6,0.08152380952380733,0.0,clean
A_12,14,0.6414512471655307,0.5340589569160983,0.6,0.11345124716553068,0.0,clean
A_12,15,0.6037188208616797,0.6008163265306123,0.6,0.07571882086167969,0.0,clean
D_12,0,0.644353741496599,0.5921088435374151,0.6,0.11635374149659894,0.0,clean
D_12,1,0.5688888888888886,0.5834013605442179,0.6,0.04088888888888853,0.0,clean
D_12,2,0.6124263038548756,0.5950113378684811,0.6,0.0844263038548756,0.0,clean
G_12,0,0.6472562358276646,0.5834013605442179,0.6,0.11925623582766454,0.0,clean
G_12,1,0.6066213151927435,0.6066213151927435,0.6,0.07862131519274351,0.0,clean
G_12,2,0.5834013605442183,0.5892063492063491,0.6,0.05540136054421829,0.0,clean
G_12,3,0.5950113378684803,0.6066213151927435,0.6,0.06701133786848024,0.0,clean
G_12,4,0.5863038548752835,0.5863038548752835,0.6,0.058303854875283445,0.0,clean
G_12,5,0.6182312925170068,0.5950113378684803,0.6,0.09023129251700679,0.0,clean
G_12,6,0.5863038548752835,0.58920634920635,0.6,0.058303854875283445,0.0,clean
G_12,7,0.5775963718820867,0.6182312925170059,0.6,0.049596371882086654,0.0,clean
G_12,8,0.5950113378684811,0.6066213151927453,0.6,0.06701133786848112,0.0,clean
G_12,9,0.6008163265306123,0.5892063492063482,0.6,0.07281632653061232,0.0,clean
G_12,10,0.5746938775510202,0.6124263038548747,0.6,0.04669387755102017,0.0,clean
G_12,11,0.583401360544217,0.6153287981859421,0.6,0.05540136054421696,0.0,clean
G_12,12,0.6240362811791389,0.583401360544217,0.6,0.09603628117913887,0.0,clean
G_12,13,0.5863038548752826,0.6008163265306123,0.6,0.05830385487528256,0.0,clean
G_12,14,0.6008163265306123,0.6066213151927435,0.6,0.07281632653061232,0.0,clean
G_12,15,0.6240362811791389,0.6066213151927435,0.6,0.09603628117913887,0.0,clean
G_12,16,0.5863038548752826,0.6008163265306123,0.6,0.05830385487528256,0.0,clean
G_12,17,0.5804988662131532,0.5950113378684811,0.6,0.05249886621315314,0.0,clean
G_12,18,0.6008163265306123,0.6153287981859403,0.6,0.07281632653061232,0.0,clean
G_12,19,0.6327437641723357,0.5950113378684811,0.6,0.10474376417233566,0.0,clean
G_12,20,0.5950113378684811,0.5834013605442188,0.6,0.06701133786848112,0.0,clean
G_12,21,0.5863038548752826,0.6037188208616762,0.6,0.05830385487528256,0.0,clean
G_12,22,0.6037188208616762,0.5950113378684811,0.6,0.07571882086167614,0.0,clean
G_12,23,0.6037188208616797,0.5775963718820876,0.6,0.07571882086167969,0.0,clean
G_12,24,0.5950113378684811,0.6153287981859421,0.6,0.06701133786848112,0.0,clean
G_12,25,0.5746938775510202,0.6095238095238074,0.6,0.04669387755102017,0.0,clean
G_12,26,0.6037188208616762,0.6124263038548747,0.6,0.07571882086167614,0.0,clean
G_12,27,0.58920634920635,0.5834013605442188,0.6,0.06120634920634993,0.0,clean
G_12,28,0.597913832199545,0.6066213151927435,0.6,0.06991383219954495,0.0,clean
G_12,29,0.6153287981859421,0.5979138321995485,0.6,0.08732879818594208,0.0,clean
G_12,30,0.6066213151927435,0.5834013605442152,0.6,0.07862131519274351,0.0,clean
G_12,31,0.5979138321995485,0.6066213151927435,0.6,0.0699138321995485,0.0,clean
G_12,32,0.597913832199545,0.6182312925170095,0.6,0.06991383219954495,0.0,clean
G_12,33,0.5804988662131514,0.5921088435374138,0.6,0.05249886621315136,0.0,clean
G_12,34,0.6298412698412719,0.5950113378684811,0.6,0.10184126984127184,0.0,clean
G_12,35,0.597913832199545,0.597913832199545,0.6,0.06991383219954495,0.0,clean
G_12,36,0.5950113378684811,0.6037188208616797,0.6,0.06701133786848112,0.0,clean
G_12,37,0.5921088435374138,0.597913832199545,0.6,0.06410884353741375,0.0,clean
G_12,38,0.6182312925170059,0.5921088435374138,0.6,0.0902312925170059,0.0,clean
G_12,39,0.6066213151927471,0.6298412698412719,0.6,0.07862131519274707,0.0,clean
G_12,40,0.5863038548752826,0.5717913832199528,0.6,0.05830385487528256,0.0,clean
G_12,41,0.5863038548752826,0.6182312925170095,0.6,0.05830385487528256,0.0,clean
G_12,42,0.6153287981859421,0.5746938775510202,0.6,0.08732879818594208,0.0,clean
G_12,43,0.5834013605442188,0.6385487528344669,0.6,0.055401360544218736,0.0,clean
G_12,44,0.6298412698412648,0.5456689342403607,0.6,0.10184126984126474,0.0,clean
G_12,45,0.5863038548752897,0.6124263038548783,0.6,0.05830385487528966,0.0,clean
G_12,46,0.5921088435374102,0.60662131519274,0.6,0.0641088435374102,0.0,clean
G_12,47,0.58920634920635,0.6124263038548747,0.6,0.06120634920634993,0.0,clean
C_12,0,0.6182312925170068,0.5892063492063491,0.6,0.09023129251700679,0.0,clean
C_12,1,0.568888888888889,0.5717913832199546,0.6,0.040888888888888975,0.0,clean
C_12,2,0.6095238095238096,0.6182312925170068,0.6,0.08152380952380955,0.0,clean
C_12,3,0.6037188208616779,0.6327437641723357,0.6,0.07571882086167792,0.0,clean
C_12,4,0.6037188208616779,0.5950113378684811,0.6,0.07571882086167792,0.0,clean
C_12,5,0.624036281179138,0.5950113378684811,0.6,0.09603628117913798,0.0,clean
C_12,6,0.6008163265306123,0.6037188208616779,0.6,0.07281632653061232,0.0,clean
C_12,7,0.6240362811791389,0.6240362811791371,0.6,0.09603628117913887,0.0,clean
C_12,8,0.5892063492063491,0.5804988662131532,0.6,0.06120634920634904,0.0,clean
C_12,9,0.5863038548752835,0.583401360544217,0.6,0.058303854875283445,0.0,clean
C_12,10,0.5775963718820858,0.6153287981859403,0.6,0.049596371882085766,0.0,clean
C_12,11,0.6327437641723357,0.6066213151927453,0.6,0.10474376417233566,0.0,clean
C_12,12,0.6124263038548747,0.5659863945578216,0.6,0.0844263038548747,0.0,clean
C_12,13,0.568888888888889,0.6066213151927453,0.6,0.040888888888888975,0.0,clean
C_12,14,0.6327437641723357,0.5950113378684794,0.6,0.10474376417233566,0.0,clean
C_12,15,0.5834013605442188,0.6095238095238109,0.6,0.055401360544218736,0.0,clean
C_12,16,0.597913832199545,0.597913832199545,0.6,0.06991383219954495,0.0,clean
C_12,17,0.5921088435374156,0.6124263038548765,0.6,0.06410884353741553,0.0,clean
C_12,18,0.5572789115646266,0.5601814058956904,0.6,0.029278911564626586,0.0,clean
C_12,19,0.6240362811791407,0.6211337868480733,0.6,0.09603628117914065,0.0,clean
C_12,20,0.6037188208616762,0.6008163265306123,0.6,0.07571882086167614,0.0,clean
C_12,21,0.5834013605442188,0.6095238095238109,0.6,0.055401360544218736,0.0,clean
C_12,22,0.5717913832199564,0.5863038548752826,0.6,0.04379138321995635,0.0,clean
C_12,23,0.6124263038548747,0.597913832199545,0.6,0.0844263038548747,0.0,clean
C_12,24,0.597913832199545,0.6414512471655343,0.6,0.06991383219954495,0.0,clean
C_12,25,0.568888888888889,0.58920634920635,0.6,0.040888888888888975,0.0,clean
C_12,26,0.6385487528344669,0.6008163265306123,0.6,0.11054875283446686,0.0,clean
C_12,27,0.5921088435374138,0.5804988662131514,0.6,0.06410884353741375,0.0,clean
C_12,28,0.5979138321995485,0.5717913832199528,0.6,0.0699138321995485,0.0,clean
C_12,29,0.58920634920635,0.6066213151927435,0.6,0.06120634920634993,0.0,clean
C_12,30,0.6124263038548747,0.5921088435374173,0.6,0.0844263038548747,0.0,clean
C_12,31,0.5950113378684811,0.6124263038548747,0.6,0.06701133786848112,0.0,clean
C_12,32,0.6240362811791371,0.6240362811791371,0.6,0.0960362811791371,0.0,clean
C_12,33,0.5659863945578216,0.5979138321995485,0.6,0.0379863945578216,0.0,clean
C_12,34,0.5921088435374173,0.5921088435374138,0.6,0.0641088435374173,0.0,clean
C_12,35,0.577596371882084,0.5804988662131514,0.6,0.04959637188208399,0.0,clean
C_12,36,0.6211337868480733,0.6095238095238109,0.6,0.09313378684807327,0.0,clean
C_12,37,0.6153287981859421,0.6095238095238074,0.6,0.08732879818594208,0.0,clean
C_12,38,0.6153287981859421,0.6066213151927435,0.6,0.08732879818594208,0.0,clean
C_12,39,0.5746938775510202,0.5921088435374173,0.6,0.04669387755102017,0.0,clean
C_12,40,0.6327437641723357,0.5863038548752826,0.6,0.10474376417233566,0.0,clean
C_12,41,0.5950113378684811,0.6066213151927435,0.6,0.06701133786848112,0.0,clean
C_12,42,0.6269387755102009,0.5950113378684811,0.6,0.09893877551020092,0.0,clean
C_12,43,0.5775963718820911,0.5863038548752826,0.6,0.049596371882091095,0.0,clean
C_12,44,0.60662131519274,0.6298412698412719,0.6,0.07862131519273996,0.0,clean
C_12,45,0.5630839002267578,0.5717913832199564,0.6,0.03508390022675778,0.0,clean
C_12,46,0.6211337868480697,0.6240362811791371,0.6,0.09313378684806972,0.0,clean
C_12,47,0.5979138321995521,,0.6,0.06991383219955205,0.0,clean
C_24,0,0.6037188208616779,0.5892063492063491,0.6,0.07571882086167792,0.0,clean
C_24,1,0.6211337868480724,0.6008163265306123,0.6,0.09313378684807239,0.0,clean
C_24,2,0.60952380952381,0.6037188208616779,0.6,0.08152380952381,0.0,clean
C_24,3,0.5659863945578225,0.6124263038548756,0.6,0.03798639455782249,0.0,clean
C_24,4,0.568888888888889,0.5921088435374147,0.6,0.040888888888888975,0.0,clean
C_24,5,0.6037188208616779,0.5834013605442188,0.6,0.07571882086167792,0.0,clean
C_24,6,0.5601814058956922,0.5950113378684794,0.6,0.03218140589569218,0.0,clean
C_24,7,0.5950113378684811,0.6211337868480733,0.6,0.06701133786848112,0.0,clean
C_24,8,0.5775963718820858,0.5892063492063482,0.6,0.049596371882085766,0.0,clean
C_24,9,0.6095238095238091,0.5950113378684811,0.6,0.08152380952380911,0.0,clean
C_24,10,0.5630839002267578,0.6211337868480733,0.6,0.03508390022675778,0.0,clean
C_24,11,0.5369614512471657,0.5630839002267578,0.6,0.00896145124716563,0.0,clean
C_24,12,0.6530612244897966,0.6327437641723357,0.6,0.12506122448979662,0.0,clean
C_24,13,0.5659863945578216,0.6066213151927435,0.6,0.0379863945578216,0.0,clean
C_24,14,0.597913832199545,0.5950113378684794,0.6,0.06991383219954495,0.0,clean
C_24,15,0.5601814058956904,0.6095238095238109,0.6,0.03218140589569041,0.0,clean
C_24,16,0.6008163265306123,0.5892063492063482,0.6,0.07281632653061232,0.0,clean
C_24,17,0.6153287981859421,0.6037188208616779,0.6,0.08732879818594208,0.0,clean
C_24,18,0.568888888888889,0.6037188208616797,0.6,0.040888888888888975,0.0,clean
C_24,19,0.6153287981859386,0.5863038548752826,0.6,0.08732879818593853,0.0,clean
C_24,20,0.5863038548752861,0.6269387755102045,0.6,0.05830385487528611,0.0,clean
C_24,21,0.5456689342403607,0.5717913832199564,0.6,0.017668934240360645,0.0,clean
C_24,22,0.58920634920635,0.5921088435374138,0.6,0.06120634920634993,0.0,clean
C_24,23,0.597913832199545,0.6327437641723357,0.6,0.06991383219954495,0.0,clean
C_24,24,0.6240362811791371,0.6327437641723357,0.6,0.0960362811791371,0.0,clean
C_24,25,0.6385487528344669,0.5863038548752826,0.6,0.11054875283446686,0.0,clean
C_24,26,0.5514739229024954,0.597913832199545,0.6,0.023473922902495392,0.0,clean
C_24,27,0.6124263038548747,0.6066213151927435,0.6,0.0844263038548747,0.0,clean
C_24,28,0.6008163265306123,0.6298412698412719,0.6,0.07281632653061232,0.0,clean
C_24,29,0.6414512471655343,0.6385487528344669,0.6,0.11345124716553423,0.0,clean
C_24,30,0.60662131519274,0.6037188208616797,0.6,0.07862131519273996,0.0,clean
C_chromatic,0,0.29750566893424013,0.28734693877551054,0.3,0.03350566893424012,0.0,clean
C_chromatic,1,0.24526077097505672,0.2931519274376413,0.3,0.0,0.018739229024943294,overlap
C_chromatic,2,0.2887981859410429,0.32072562358276624,0.3,0.024798185941042883,0.0,clean
C_chromatic,3,0.2975056689342406,0.2684807256235828,0.3,0.03350566893424056,0.0,clean
C_chromatic,4,0.2887981859410429,0.32217687074829904,0.3,0.024798185941042883,0.0,clean
C_chromatic,5,0.30621315192743737,0.31056689342403665,0.3,0.04221315192743735,0.0,clean
C_chromatic,6,0.31927437641723344,0.2887981859410429,0.3,0.05527437641723343,0.0,clean
C_chromatic,7,0.25687074829932044,0.2975056689342406,0.3,0.0,0.007129251700679573,clean
C_chromatic,8,0.30476190476190457,0.30040816326530617,0.3,0.040761904761904555,0.0,clean
C_chromatic,9,0.31492063492063505,0.2800907029478452,0.3,0.05092063492063503,0.0,clean
C_chromatic,10,0.32362811791383184,0.2931519274376422,0.3,0.059628117913831824,0.0,clean
C_chromatic,11,0.23800453514739228,0.3366893424036279,0.3,0.0,0.02599546485260773,overlap
C_chromatic,12,0.30476190476190457,0.2902494331065757,0.3,0.040761904761904555,0.0,clean
C_chromatic,13,0.31782312925170064,0.2902494331065757,0.3,0.05382312925170063,0.0,clean
C_chromatic,14,0.31782312925170153,0.31782312925170153,0.3,0.05382312925170152,0.0,clean
C_chromatic,15,0.31927437641723344,0.288798185941042,0.3,0.05527437641723343,0.0,clean
C_chromatic,16,0.3047619047619037,0.31056689342403665,0.3,0.04076190476190367,0.0,clean
C_chromatic,17,0.29315192743764307,0.2902494331065757,0.3,0.029151927437643055,0.0,clean
C_chromatic,18,0.2800907029478452,0.30476190476190546,0.3,0.016090702947845203,0.0,clean
C_chromatic,19,0.2873469387755101,0.2960544217687069,0.3,0.023346938775510084,0.0,clean
C_chromatic,20,0.2887981859410438,0.2917006802721094,0.3,0.02479818594104377,0.0,clean
C_chromatic,21,0.3337868480725614,0.31346938775510225,0.3,0.06978684807256141,0.0,clean
C_chromatic,22,0.2844444444444445,0.30040816326530617,0.3,0.020444444444444487,0.0,clean
C_chromatic,23,0.30911564625850296,0.2917006802721094,0.3,0.04511564625850295,0.0,clean
C_chromatic,24,0.31201814058957034,0.3105668934240349,0.3,0.048018140589570324,0.0,clean
C_chromatic,25,0.31201814058956856,0.29605442176870866,0.3,0.04801814058956855,0.0,clean
C_chromatic,26,0.2728344671201821,0.2975056689342406,0.3,0.008834467120182099,0.0,clean
C_chromatic,27,0.3018594104308381,0.3047619047619037,0.3,0.03785941043083807,0.0,clean
C_chromatic,28,0.2902494331065757,0.2975056689342406,0.3,0.02624943310657568,0.0,clean
C_chromatic,29,0.327981859410432,0.294603174603175,0.3,0.063981859410432,0.0,clean
C_chromatic,30,0.3047619047619037,0.30476190476190546,0.3,0.04076190476190367,0.0,clean
C_chromatic,31,0.280090702947847,0.2960544217687069,0.3,0.01609070294784698,0.0,clean
C_chromatic,32,0.3047619047619037,0.2931519274376413,0.3,0.04076190476190367,0.0,clean
C_chromatic,33,0.30621315192743737,0.2960544217687069,0.3,0.04221315192743735,0.0,clean
C_chromatic,34,0.29895691609977426,0.3207256235827671,0.3,0.03495691609977425,0.0,clean
C_chromatic,35,0.25977324263038426,0.2917006802721094,0.3,0.0,0.004226757369615752,clean
C_chromatic,36,0.3453968253968256,0.30911564625850296,0.3,0.08139682539682558,0.0,clean
C_chromatic,37,0.29895691609977426,0.2960544217687069,0.3,0.03495691609977425,0.0,clean
C_chromatic,38,0.294603174603175,0.24235827664399068,0.3,0.030603174603174965,0.0,clean
C_chromatic,39,0.2829931972789108,0.3628117913832192,0.3,0.0189931972789108,0.0,clean
C_chromatic,40,0.31782312925170153,0.2815419501133789,0.3,0.05382312925170152,0.0,clean
C_chromatic,41,0.2757369614512477,0.3120181405895721,0.3,0.011736961451247696,0.0,clean
C_chromatic,42,0.32507936507936463,0.24816326530612187,0.3,0.06107936507936462,0.0,clean
C_chromatic,43,0.30331065759637,0.3599092970521518,0.3,0.03931065759636998,0.0,clean
C_chromatic,44,0.29024943310657747,0.2728344671201839,0.3,0.026249433106577458,0.0,clean
C_chromatic,45,0.27283446712018034,0.26702947845804914,0.3,0.008834467120180323,0.0,clean
C_chromatic,46,0.3410430839002281,0.3613605442176855,0.3,0.07704308390022807,0.0,clean
C_chromatic,47,0.2960544217687051,0.29024943310657747,0.3,0.0320544217687051,0.0,clean
C_chromatic,48,0.30185941043083986,0.30766439909297105,0.3,0.037859410430839846,0.0,clean
C_chromatic,49,0.2757369614512477,0.2931519274376413,0.3,0.011736961451247696,0.0,clean
C_chromatic,50,0.32507936507936463,0.2757369614512477,0.3,0.06107936507936462,0.0,clean
C_chromatic,51,0.30331065759637355,0.3323356009070295,0.3,0.03931065759637353,0.0,clean
C_chromatic,52,0.23800453514738962,0.27718820861677784,0.3,0.0,0.025995464852610395,overlap
C_chromatic,53,0.3395918367346944,0.3236281179138345,0.3,0.07559183673469438,0.0,clean
C_chromatic,54,0.2583219954648541,0.2858956916099764,0.3,0.0,0.005678004535145886,clean
C_chromatic,55,0.3265306122448983,0.30185941043083986,0.3,0.06253061224489831,0.0,clean
C_chromatic,56,0.32943310657596214,0.3091156462585012,0.3,0.06543310657596213,0.0,clean
C_chromatic,57,0.24961451247165556,0.30040816326530617,0.3,0.0,0.014385487528344454,clean
C_chromatic,58,0.30766439909297105,0.2771882086167814,0.3,0.04366439909297104,0.0,clean
C_chromatic,59,0.3512018140589568,0.3105668934240349,0.3,0.08720181405895677,0.0,clean
C_chromatic,60,0.2858956916099764,0.31492063492063593,0.3,0.021895691609976398,0.0,clean
C_chromatic,61,0.30476190476190723,0.2917006802721076,0.3,0.04076190476190722,0.0,clean
C_chromatic,62,0.2946031746031714,0.30621315192743737,0.3,0.030603174603171412,0.0,clean
C_chromatic,63,0.29750566893424235,0.29170068027211116,0.3,0.03350566893424234,0.0,clean
C_chromatic,64,0.30621315192743737,0.2525170068027194,0.3,0.04221315192743735,0.0,clean
C_chromatic,65,0.31201814058956856,0.35845804988662167,0.3,0.04801814058956855,0.0,clean
C_chromatic,66,0.24526077097505805,0.2815419501133789,0.3,0.0,0.01873922902494196,overlap
C_chromatic,67,0.3482993197278894,0.3047619047619037,0.3,0.0842993197278894,0.0,clean
C_chromatic,68,0.29750566893424235,0.30911564625850474,0.3,0.03350566893424234,0.0,clean
C_chromatic,69,0.30766439909297105,0.3047619047619037,0.3,0.04366439909297104,0.0,clean
C_chromatic,70,0.28299319727890904,0.2771882086167814,0.3,0.018993197278909024,0.0,clean
C_chromatic,71,0.2597732426303878,0.3221768707483008,0.3,0.0,0.0042267573696122,clean
C_chromatic,72,0.2844444444444427,0.30331065759637,0.3,0.02044444444444271,0.0,clean
C_chromatic,73,0.30476190476190723,0.2887981859410438,0.3,0.04076190476190722,0.0,clean
C_chromatic,74,0.2568707482993169,0.31492063492063593,0.3,0.0,0.007129251700683126,clean
C_chromatic,75,0.30040816326530617,0.2800907029478452,0.3,0.03640816326530616,0.0,clean
C_chromatic,76,0.3381405895691607,0.31492063492063593,0.3,0.0741405895691607,0.0,clean
C_chromatic,77,0.30621315192743737,0.274285714285714,0.3,0.04221315192743735,0.0,clean
C_chromatic,78,0.2931519274376413,0.32362811791383095,0.3,0.02915192743764128,0.0,clean
C_chromatic,79,0.30331065759637355,0.29170068027211116,0.3,0.03931065759637353,0.0,clean
C_chromatic,80,0.30040816326530617,0.2931519274376413,0.3,0.03640816326530616,0.0,clean
C_chromatic,81,0.2887981859410438,0.30185941043083986,0.3,0.02479818594104377,0.0,clean
C_chromatic,82,0.3047619047619037,0.30331065759637,0.3,0.04076190476190367,0.0,clean
C_chromatic,83,0.25687074829932044,0.2873469387755101,0.3,0.0,0.007129251700679573,clean
C_chromatic,84,0.2684807256235828,0.274285714285714,0.3,0.004480725623582815,0.0,clean
C_chromatic,85,0.26267573696145163,0.30040816326530617,0.3,0.0,0.001324263038548379,clean
C_chromatic,86,0.30621315192743737,0.31346938775510225,0.3,0.04221315192743735,0.0,clean
C_chromatic,87,0.2858956916099764,0.26993197278911296,0.3,0.021895691609976398,0.0,clean
Am7,0,0.5979138321995467,0.580498866213152,0.6,0.06991383219954672,0.0,clean
Am7,1,0.5659863945578225,0.624036281179138,0.6,0.03798639455782249,0.0,clean
Am7,2,0.60952380952381,0.5717913832199546,0.6,0.08152380952381,0.0,clean
Am7,3,0.5108390022675735,0.510839002267574,0.6,0.0,0.01716099773242652,clean
Am7,4,0.6559637188208614,0.7140136054421764,0.6,0.12796371882086133,0.0,clean
Am7,5,0.5834013605442179,0.568888888888889,0.6,0.05540136054421785,0.0,clean
Am7,6,0.6211337868480715,0.6385487528344678,0.6,0.0931337868480715,0.0,clean
Am7,7,0.5921088435374156,0.48471655328798136,0.6,0.06410884353741553,0.0,clean
Am7,8,0.6008163265306123,0.6008163265306123,0.6,0.07281632653061232,0.0,clean
Am7,9,0.5717913832199546,0.4992290249433111,0.6,0.04379138321995457,0.0,clean
Am7,10,0.5775963718820858,0.6298412698412701,0.6,0.049596371882085766,0.0,clean
Am7,11,0.6153287981859421,0.5166439909297047,0.6,0.08732879818594208,0.0,clean
Am7,12,0.6095238095238109,0.5340589569161001,0.6,0.08152380952381089,0.0,clean
Am7,13,0.6327437641723357,0.58920634920635,0.6,0.10474376417233566,0.0,clean
Am7,14,0.5804988662131496,0.5224489795918359,0.6,0.052498866213149586,0.0,clean
Am7,15,0.6124263038548783,0.6008163265306123,0.6,0.08442630385487826,0.0,clean
Am7,16,0.5746938775510202,0.6037188208616762,0.6,0.04669387755102017,0.0,clean
Am7,17,0.6124263038548747,0.6153287981859421,0.6,0.0844263038548747,0.0,clean
Am7,18,0.5834013605442188,0.6153287981859421,0.6,0.055401360544218736,0.0,clean
Am7,19,0.6153287981859421,0.6269387755102045,0.6,0.08732879818594208,0.0,clean
Am7,20,0.5456689342403607,0.6037188208616762,0.6,0.017668934240360645,0.0,clean
Am7,21,0.5950113378684811,0.5572789115646266,0.6,0.06701133786848112,0.0,clean
Am7,22,0.597913832199545,0.5108390022675735,0.6,0.06991383219954495,0.0,clean
Am7,23,0.6066213151927435,0.5834013605442188,0.6,0.07862131519274351,0.0,clean
Am7,24,0.6965986394557824,0.6762811791383214,0.6,0.16859863945578235,0.0,clean
Am7,25,0.6066213151927435,0.6008163265306123,0.6,0.07862131519274351,0.0,clean
Am7,26,0.597913832199545,0.6240362811791371,0.6,0.06991383219954495,0.0,clean
Am7,27,0.5979138321995485,0.6153287981859421,0.6,0.0699138321995485,0.0,clean
Am7,28,0.6124263038548747,0.5108390022675735,0.6,0.0844263038548747,0.0,clean
Am7,29,0.5804988662131514,0.5079365079365097,0.6,0.05249886621315136,0.0,clean
Am7,30,0.6095238095238109,0.6298412698412683,0.6,0.08152380952381089,0.0,clean
Am7,31,0.5863038548752826,0.6124263038548783,0.6,0.05830385487528256,0.0,clean
Am7,32,0.5834013605442188,0.5021315192743749,0.6,0.055401360544218736,0.0,clean
Am7,33,0.6008163265306123,0.597913832199545,0.6,0.07281632653061232,0.0,clean
Cmaj7,0,0.5921088435374156,0.5921088435374147,0.6,0.06410884353741553,0.0,clean
Cmaj7,1,0.6008163265306123,0.6211337868480724,0.6,0.07281632653061232,0.0,clean
Cmaj7,2,0.6037188208616779,0.6182312925170068,0.6,0.07571882086167792,0.0,clean
Cmaj7,3,0.6153287981859403,0.5863038548752835,0.6,0.0873287981859403,0.0,clean
Cmaj7,4,0.5950113378684811,0.5921088435374147,0.6,0.06701133786848112,0.0,clean
Cmaj7,5,0.5892063492063482,0.6066213151927444,0.6,0.061206349206348154,0.0,clean
Cmaj7,6,0.5746938775510202,0.5950113378684811,0.6,0.04669387755102017,0.0,clean
Cmaj7,7,0.58920634920635,0.6095238095238091,0.6,0.06120634920634993,0.0,clean
Cmaj7,8,0.6269387755102045,0.6124263038548747,0.6,0.09893877551020447,0.0,clean
Cmaj7,9,0.5863038548752826,0.5717913832199546,0.6,0.05830385487528256,0.0,clean
Cmaj7,10,0.5775963718820876,0.5979138321995467,0.6,0.04959637188208754,0.0,clean
Cmaj7,11,0.6008163265306123,0.5950113378684811,0.6,0.07281632653061232,0.0,clean
Cmaj7,12,0.6124263038548747,0.5863038548752826,0.6,0.0844263038548747,0.0,clean
Cmaj7,13,0.6066213151927435,0.6269387755102045,0.6,0.07862131519274351,0.0,clean
Cmaj7,14,0.6211337868480733,0.6153287981859403,0.6,0.09313378684807327,0.0,clean
Cmaj7,15,0.5950113378684811,0.5775963718820876,0.6,0.06701133786848112,0.0,clean
Cmaj7,16,0.5950113378684811,0.6211337868480715,0.6,0.06701133786848112,0.0,clean
Cmaj7,17,0.6182312925170059,0.6124263038548747,0.6,0.0902312925170059,0.0,clean
Cmaj7,18,0.6095238095238074,0.6095238095238074,0.6,0.08152380952380733,0.0,clean
Cmaj7,19,0.5804988662131514,0.6124263038548783,0.6,0.05249886621315136,0.0,clean
Cmaj7,20,0.5950113378684811,0.6066213151927435,0.6,0.06701133786848112,0.0,clean
Cmaj7,21,0.6066213151927435,0.6037188208616797,0.6,0.07862131519274351,0.0,clean
Cmaj7,22,0.58920634920635,0.6008163265306123,0.6,0.06120634920634993,0.0,clean
Cmaj7,23,0.5834013605442188,0.6066213151927435,0.6,0.055401360544218736,0.0,clean
Cmaj7,24,0.5863038548752826,0.6124263038548747,0.6,0.05830385487528256,0.0,clean
Cmaj7,25,0.6037188208616797,0.5253514739229033,0.6,0.07571882086167969,0.0,clean
Cmaj7,26,0.577596371882084,0.6008163265306123,0.6,0.04959637188208399,0.0,clean
Cmaj7,27,0.5834013605442188,0.6008163265306123,0.6,0.055401360544218736,0.0,clean
Cmaj7,28,0.597913832199545,0.5921088435374173,0.6,0.06991383219954495,0.0,clean
Cmaj7,29,0.6008163265306123,0.6037188208616797,0.6,0.07281632653061232,0.0,clean
Cmaj7,30,0.6008163265306123,,0.6,0.07281632653061232,0.0,clean
