path,bytes,type
v10_2_results/INFORME_REGIONES_NO_IDENTIFICADAS.md,200,result
v10_2_results/TRAYECTORIAS_FUNDAMENTALES_V10_2.csv,621389,result
v10_2_results/RENDER_INVENTORY_V10_2.csv,1315,result
v10_2_results/MAPA_TIEMPO_FRECUENCIA_DIFERENCIAL.csv,1561858,result
v10_2_results/SIGNIFICANCIA_PRECISE_VS_NO_HIGH.csv,216,result
v10_2_results/CURVAS_DENSAS_V10_2.csv,1357841,result
v10_2_results/VALIDACION_CANDIDATOS_V10_2.csv,12888,result
v10_2_results/METRICAS_LOCALES_Y_TEMPORALES_V10_2.csv,12556,result
v10_2_results/COMPARACION_FREQUENCY_STRING_JOINT.csv,302,result
v10_2_results/SIGNIFICANCIA_PRECISE_VS_ABLACIONES.csv,322,result
v10_2_results/VENTANAS_ADAPTATIVAS_V10_2.csv,722211,result
v10_2_results/INFORME_ANALISIS_TIEMPO_FRECUENCIA.md,336,result
v10_2_results/02_CURVA_20_120_LINEAR.png,83683,result
v10_2_results/INFORME_TECNICO_AUTONOMO_V10_2.md,11399,result
v10_2_results/HASHES_WAV_ORIGINALES.csv,3373,result
v10_2_results/repair_preview.npz,1078,result
v10_2_results/CONFIG_V10_2.json,879,result
v10_2_results/MATRIZ_IDENTIFICABILIDAD_CUERDA_FRECUENCIA.csv,567,result
v10_2_results/SIGNIFICANCIA_PRECISE_VS_NO_SUB.csv,210,result
v10_2_results/INFORME_COMPARACION_V9_V10_1_V10_2.md,229,result
v10_2_results/MATCHING_BANDAS_V10_2.csv,4787,result
v10_2_results/PRESET_PARAMETRICO_V10_2.csv,232,result
v10_2_results/AUDITORIA_800_1600_HZ.csv,1070,result
v10_2_results/05_MAPA_ATAQUES.png,71849,result
v10_2_results/INFORME_REFINAMIENTO_AGUDOS.md,206,result
v10_2_results/TRAYECTORIAS_ARMONICAS_V10_2.csv,1561858,result
v10_2_results/09_CURVAS_POR_FASE.png,146145,result
v10_2_results/06_MATCHING_COSTOS.png,33595,result
v10_2_results/FRONTERA_PARETO_CENTRAL_ROBUST.csv,1392,result
v10_2_results/FUNDAMENTALES_CORREGIDAS_V10_2.csv,562048,result
v10_2_results/METRICAS_POR_PAREJA_V10_2.csv,10927,result
v10_2_results/TONAL_HARMONICS_CORRECTED_V10_2.csv,3357260,result
v10_2_results/CORRELACION_EQ_OFFSETS_CUERDA.csv,8919,result
v10_2_results/ESPACIOS_Y_SOLAPAMIENTOS_V10_2.csv,70512,result
v10_2_results/SELECCION_MODELOS_V10_2.csv,1390,result
v10_2_results/GAIN_POR_PAREJA_Y_FUENTE_V10_2.csv,2075,result
v10_2_results/QUE_CONTIENEN_REALMENTE_LOS_AUDIOS_V10_2.csv,1445,result
v10_2_results/INFORME_VALIDACION.md,24686,result
v10_2_results/INFORME_IDENTIFICABILIDAD.md,421,result
v10_2_results/INFORME_MATCHING_INTELIGENTE.md,218,result
v10_2_results/MATCHING_EVENTOS_V10_2.csv,134495,result
v10_2_results/01_CURVAS_PRINCIPALES.png,128128,result
v10_2_results/INFORME_ATAQUES_MULTIESCALA.md,205,result
v10_2_results/03_CURVA_2_12KHZ.png,72338,result
v10_2_results/04_SOPORTE.png,72080,result
v10_2_results/INVENTARIO_ENTREGABLES_V10_2.csv,14574,result
v10_2_results/GAIN_GLOBAL_V10_2.csv,239,result
v10_2_results/INFORME_ESPECIALIZADO_20_60_HZ.md,269,result
v10_2_results/07_CICLOS_POR_FRECUENCIA.png,82681,result
v10_2_results/CURVA_20_120_HZ_V10_2.csv,342895,result
v10_2_results/BOOTSTRAP_PAREADO_V9_V10_1_V10_2.csv,427,result
v10_2_results/08_METRICAS_MODELOS.png,95361,result
v10_2_results/INFORME_SIGNIFICANCIA_PRACTICA.md,663,result
v10_2_results/ATAQUES_MULTIESCALA_V10_2.csv,1860694,result
v10_2_code/PROMPT_MAESTRO_V10_2.md,34246,code
v10_2_code/requirements.txt,48,code
v10_2_code/README.md,199,code
v10_2_code/extract_tonal_repair.py,3075,code
v10_2_code/build_v10_2.py,54342,code
v10_2_code/finalize_v10_2_corrected.py,10420,code
v10_2_code/repair_v10_2_gain.py,2740,code
v10_2_code/__pycache__/build_v10_2.cpython-313.pyc,126505,code
v10_2_audio/E_12/CAFE_NO_HIGH.flac,1450550,audio
v10_2_audio/E_12/CAFE_PRECISE_ROBUST.flac,1450355,audio
v10_2_audio/E_12/CAFE_PRECISE_CENTRAL.flac,1450626,audio
v10_2_audio/E_12/ESTEREO_L_CAFE_CENTRAL_R_AZUL.flac,2748251,audio
v10_2_audio/E_12/CAFE_ORIGINAL.flac,1810639,audio
v10_2_audio/E_12/AZUL_ORIGINAL.flac,1435374,audio
v10_2_audio/E_12/CAFE_NO_SUB.flac,1450601,audio
v10_2_audio/E_12/CAFE_PARAMETRIC.flac,1456389,audio
v10_2_audio/E_12/CAFE_SAFE.flac,1450017,audio
v10_2_audio/A_12/CAFE_NO_HIGH.flac,1461235,audio
v10_2_audio/A_12/CAFE_PRECISE_ROBUST.flac,1461206,audio
v10_2_audio/A_12/CAFE_PRECISE_CENTRAL.flac,1461218,audio
v10_2_audio/A_12/ESTEREO_L_CAFE_CENTRAL_R_AZUL.flac,3087542,audio
v10_2_audio/A_12/CAFE_ORIGINAL.flac,1815853,audio
v10_2_audio/A_12/AZUL_ORIGINAL.flac,1656898,audio
v10_2_audio/A_12/CAFE_NO_SUB.flac,1461179,audio
v10_2_audio/A_12/CAFE_PARAMETRIC.flac,1466675,audio
v10_2_audio/A_12/CAFE_SAFE.flac,1460460,audio
v10_2_audio/B_open/CAFE_NO_HIGH.flac,2554098,audio
v10_2_audio/B_open/CAFE_PRECISE_ROBUST.flac,2553807,audio
v10_2_audio/B_open/CAFE_PRECISE_CENTRAL.flac,2554095,audio
v10_2_audio/B_open/ESTEREO_L_CAFE_CENTRAL_R_AZUL.flac,5268817,audio
v10_2_audio/B_open/CAFE_ORIGINAL.flac,3193029,audio
v10_2_audio/B_open/AZUL_ORIGINAL.flac,2739279,audio
v10_2_audio/B_open/CAFE_NO_SUB.flac,2554411,audio
v10_2_audio/B_open/CAFE_PARAMETRIC.flac,2559236,audio
v10_2_audio/B_open/CAFE_SAFE.flac,2555087,audio
v10_2_audio/G_open/CAFE_NO_HIGH.flac,2520452,audio
v10_2_audio/G_open/CAFE_PRECISE_ROBUST.flac,2520533,audio
v10_2_audio/G_open/CAFE_PRECISE_CENTRAL.flac,2520465,audio
v10_2_audio/G_open/ESTEREO_L_CAFE_CENTRAL_R_AZUL.flac,5443352,audio
v10_2_audio/G_open/CAFE_ORIGINAL.flac,3125015,audio
v10_2_audio/G_open/AZUL_ORIGINAL.flac,3026612,audio
v10_2_audio/G_open/CAFE_NO_SUB.flac,2520440,audio
v10_2_audio/G_open/CAFE_PARAMETRIC.flac,2525893,audio
v10_2_audio/G_open/CAFE_SAFE.flac,2519272,audio
v10_2_audio/E_open/CAFE_NO_HIGH.flac,2587962,audio
v10_2_audio/E_open/CAFE_PRECISE_ROBUST.flac,2587756,audio
v10_2_audio/E_open/CAFE_PRECISE_CENTRAL.flac,2588062,audio
v10_2_audio/E_open/ESTEREO_L_CAFE_CENTRAL_R_AZUL.flac,5189961,audio
v10_2_audio/E_open/CAFE_ORIGINAL.flac,3235432,audio
v10_2_audio/E_open/AZUL_ORIGINAL.flac,2625764,audio
v10_2_audio/E_open/CAFE_NO_SUB.flac,2588104,audio
v10_2_audio/E_open/CAFE_PARAMETRIC.flac,2595160,audio
v10_2_audio/E_open/CAFE_SAFE.flac,2589021,audio
v10_2_audio/B_12/CAFE_NO_HIGH.flac,1438026,audio
v10_2_audio/B_12/CAFE_PRECISE_ROBUST.flac,1437644,audio
v10_2_audio/B_12/CAFE_PRECISE_CENTRAL.flac,1438026,audio
v10_2_audio/B_12/ESTEREO_L_CAFE_CENTRAL_R_AZUL.flac,2604336,audio
v10_2_audio/B_12/CAFE_ORIGINAL.flac,1796412,audio
v10_2_audio/B_12/AZUL_ORIGINAL.flac,1417879,audio
v10_2_audio/B_12/CAFE_NO_SUB.flac,1438227,audio
v10_2_audio/B_12/CAFE_PARAMETRIC.flac,1441846,audio
v10_2_audio/B_12/CAFE_SAFE.flac,1437426,audio
v10_2_audio/Am7/CAFE_NO_HIGH.flac,1582429,audio
v10_2_audio/Am7/CAFE_PRECISE_ROBUST.flac,1582338,audio
v10_2_audio/Am7/CAFE_PRECISE_CENTRAL.flac,1582661,audio
v10_2_audio/Am7/ESTEREO_L_CAFE_CENTRAL_R_AZUL.flac,3072913,audio
v10_2_audio/Am7/CAFE_ORIGINAL.flac,1910097,audio
v10_2_audio/Am7/AZUL_ORIGINAL.flac,1506092,audio
v10_2_audio/Am7/CAFE_NO_SUB.flac,1582444,audio
v10_2_audio/Am7/CAFE_PARAMETRIC.flac,1584395,audio
v10_2_audio/Am7/CAFE_SAFE.flac,1580649,audio
v10_2_audio/G_12/CAFE_NO_HIGH.flac,1498058,audio
v10_2_audio/G_12/CAFE_PRECISE_ROBUST.flac,1498185,audio
v10_2_audio/G_12/CAFE_PRECISE_CENTRAL.flac,1498087,audio
v10_2_audio/G_12/ESTEREO_L_CAFE_CENTRAL_R_AZUL.flac,2879086,audio
v10_2_audio/G_12/CAFE_ORIGINAL.flac,1849829,audio
v10_2_audio/G_12/AZUL_ORIGINAL.flac,1471040,audio
v10_2_audio/G_12/CAFE_NO_SUB.flac,1498057,audio
v10_2_audio/G_12/CAFE_PARAMETRIC.flac,1501183,audio
v10_2_audio/G_12/CAFE_SAFE.flac,1497073,audio
v10_2_audio/A_open/CAFE_NO_HIGH.flac,2550923,audio
v10_2_audio/A_open/CAFE_PRECISE_ROBUST.flac,2550924,audio
v10_2_audio/A_open/CAFE_PRECISE_CENTRAL.flac,2550924,audio
v10_2_audio/A_open/ESTEREO_L_CAFE_CENTRAL_R_AZUL.flac,5277897,audio
v10_2_audio/A_open/CAFE_ORIGINAL.flac,3179288,audio
v10_2_audio/A_open/AZUL_ORIGINAL.flac,2741749,audio
v10_2_audio/A_open/CAFE_NO_SUB.flac,2551088,audio
v10_2_audio/A_open/CAFE_PARAMETRIC.flac,2558682,audio
v10_2_audio/A_open/CAFE_SAFE.flac,2551361,audio
v10_2_audio/C_12/CAFE_NO_HIGH.flac,1517442,audio
v10_2_audio/C_12/CAFE_PRECISE_ROBUST.flac,1517330,audio
v10_2_audio/C_12/CAFE_PRECISE_CENTRAL.flac,1517424,audio
v10_2_audio/C_12/ESTEREO_L_CAFE_CENTRAL_R_AZUL.flac,2903798,audio
v10_2_audio/C_12/CAFE_ORIGINAL.flac,1862247,audio
v10_2_audio/C_12/AZUL_ORIGINAL.flac,1479298,audio
v10_2_audio/C_12/CAFE_NO_SUB.flac,1517378,audio
v10_2_audio/C_12/CAFE_PARAMETRIC.flac,1520066,audio
v10_2_audio/C_12/CAFE_SAFE.flac,1516551,audio
v10_2_audio/C_24/CAFE_NO_HIGH.flac,1454152,audio
v10_2_audio/C_24/CAFE_PRECISE_ROBUST.flac,1453865,audio
v10_2_audio/C_24/CAFE_PRECISE_CENTRAL.flac,1454514,audio
v10_2_audio/C_24/ESTEREO_L_CAFE_CENTRAL_R_AZUL.flac,2778390,audio
v10_2_audio/C_24/CAFE_ORIGINAL.flac,1775101,audio
v10_2_audio/C_24/AZUL_ORIGINAL.flac,1460784,audio
v10_2_audio/C_24/CAFE_NO_SUB.flac,1454373,audio
v10_2_audio/C_24/CAFE_PARAMETRIC.flac,1457653,audio
v10_2_audio/C_24/CAFE_SAFE.flac,1454591,audio
v10_2_audio/C_open/CAFE_NO_HIGH.flac,2628173,audio
v10_2_audio/C_open/CAFE_PRECISE_ROBUST.flac,2628656,audio
v10_2_audio/C_open/CAFE_PRECISE_CENTRAL.flac,2628550,audio
v10_2_audio/C_open/ESTEREO_L_CAFE_CENTRAL_R_AZUL.flac,5724893,audio
v10_2_audio/C_open/CAFE_ORIGINAL.flac,3222408,audio
v10_2_audio/C_open/AZUL_ORIGINAL.flac,3121711,audio
v10_2_audio/C_open/CAFE_NO_SUB.flac,2628111,audio
v10_2_audio/C_open/CAFE_PARAMETRIC.flac,2632277,audio
v10_2_audio/C_open/CAFE_SAFE.flac,2626892,audio
v10_2_audio/D_open/CAFE_NO_HIGH.flac,2569183,audio
v10_2_audio/D_open/CAFE_PRECISE_ROBUST.flac,2569347,audio
v10_2_audio/D_open/CAFE_PRECISE_CENTRAL.flac,2569289,audio
v10_2_audio/D_open/ESTEREO_L_CAFE_CENTRAL_R_AZUL.flac,5667153,audio
v10_2_audio/D_open/CAFE_ORIGINAL.flac,3192970,audio
v10_2_audio/D_open/AZUL_ORIGINAL.flac,3152682,audio
v10_2_audio/D_open/CAFE_NO_SUB.flac,2569063,audio
v10_2_audio/D_open/CAFE_PARAMETRIC.flac,2576858,audio
v10_2_audio/D_open/CAFE_SAFE.flac,2568006,audio
v10_2_audio/D_12/CAFE_NO_HIGH.flac,1941125,audio
v10_2_audio/D_12/CAFE_PRECISE_ROBUST.flac,1941084,audio
v10_2_audio/D_12/CAFE_PRECISE_CENTRAL.flac,1941187,audio
v10_2_audio/D_12/ESTEREO_L_CAFE_CENTRAL_R_AZUL.flac,2904035,audio
v10_2_audio/D_12/CAFE_ORIGINAL.flac,2409681,audio
v10_2_audio/D_12/AZUL_ORIGINAL.flac,1527719,audio
v10_2_audio/D_12/CAFE_NO_SUB.flac,1941013,audio
v10_2_audio/D_12/CAFE_PARAMETRIC.flac,1945663,audio
v10_2_audio/D_12/CAFE_SAFE.flac,1939921,audio
v10_2_audio/C_chromatic/CAFE_NO_HIGH.flac,1486839,audio
v10_2_audio/C_chromatic/CAFE_PRECISE_ROBUST.flac,1487009,audio
v10_2_audio/C_chromatic/CAFE_PRECISE_CENTRAL.flac,1486832,audio
v10_2_audio/C_chromatic/ESTEREO_L_CAFE_CENTRAL_R_AZUL.flac,2902613,audio
v10_2_audio/C_chromatic/CAFE_ORIGINAL.flac,1810816,audio
v10_2_audio/C_chromatic/AZUL_ORIGINAL.flac,1482354,audio
v10_2_audio/C_chromatic/CAFE_NO_SUB.flac,1486980,audio
v10_2_audio/C_chromatic/CAFE_PARAMETRIC.flac,1488250,audio
v10_2_audio/C_chromatic/CAFE_SAFE.flac,1485330,audio
v10_2_audio/PRUEBAS_RESUMIDAS/B_open__CENTRAL__NO_SUB__NO_HIGH__AZUL__20_120Hz.flac,3861808,audio
v10_2_audio/PRUEBAS_RESUMIDAS/Cmaj7__CENTRAL__NO_SUB__NO_HIGH__AZUL.flac,5731946,audio
v10_2_audio/PRUEBAS_RESUMIDAS/E_open__CENTRAL__NO_SUB__NO_HIGH__AZUL__20_120Hz.flac,3801201,audio
v10_2_audio/PRUEBAS_RESUMIDAS/C_24__CENTRAL__NO_SUB__NO_HIGH__AZUL__20_120Hz.flac,1351795,audio
v10_2_audio/PRUEBAS_RESUMIDAS/E_open__CENTRAL__NO_SUB__NO_HIGH__AZUL__2000_8000Hz.flac,5504533,audio
v10_2_audio/PRUEBAS_RESUMIDAS/E_open__CENTRAL__NO_SUB__NO_HIGH__AZUL.flac,10211190,audio
v10_2_audio/PRUEBAS_RESUMIDAS/Cmaj7__CENTRAL__ROBUST__SAFE__PARAMETRIC__AZUL.flac,7164714,audio
v10_2_audio/PRUEBAS_RESUMIDAS/Cmaj7__CENTRAL__NO_SUB__NO_HIGH__AZUL__2000_8000Hz.flac,3601037,audio
v10_2_audio/PRUEBAS_RESUMIDAS/C_12__CENTRAL__NO_SUB__NO_HIGH__AZUL__20_80Hz.flac,1363892,audio
v10_2_audio/PRUEBAS_RESUMIDAS/B_open__CENTRAL__NO_SUB__NO_HIGH__AZUL__20_80Hz.flac,3833097,audio
v10_2_audio/PRUEBAS_RESUMIDAS/B_open__CENTRAL__ROBUST__SAFE__PARAMETRIC__AZUL.flac,12877147,audio
v10_2_audio/PRUEBAS_RESUMIDAS/A_open__CENTRAL__NO_SUB__NO_HIGH__AZUL__20_120Hz.flac,3798315,audio
v10_2_audio/PRUEBAS_RESUMIDAS/Am7__CENTRAL__NO_SUB__NO_HIGH__AZUL__20_120Hz.flac,1905247,audio
v10_2_audio/PRUEBAS_RESUMIDAS/C_24__CENTRAL__NO_SUB__NO_HIGH__AZUL__20_80Hz.flac,1346788,audio
v10_2_audio/PRUEBAS_RESUMIDAS/C_chromatic__CENTRAL__NO_SUB__NO_HIGH__AZUL__20_120Hz.flac,1404397,audio
v10_2_audio/PRUEBAS_RESUMIDAS/C_24__CENTRAL__NO_SUB__NO_HIGH__AZUL__2000_8000Hz.flac,3290935,audio
v10_2_audio/PRUEBAS_RESUMIDAS/Am7__CENTRAL__ROBUST__SAFE__PARAMETRIC__AZUL.flac,7425351,audio
v10_2_audio/PRUEBAS_RESUMIDAS/C_12__CENTRAL__ROBUST__SAFE__PARAMETRIC__AZUL.flac,7058792,audio
v10_2_audio/PRUEBAS_RESUMIDAS/Am7__CENTRAL__NO_SUB__NO_HIGH__AZUL__20_80Hz.flac,1465561,audio
v10_2_audio/PRUEBAS_RESUMIDAS/A_open__CENTRAL__ROBUST__SAFE__PARAMETRIC__AZUL.flac,12958122,audio
v10_2_audio/PRUEBAS_RESUMIDAS/C_12__CENTRAL__NO_SUB__NO_HIGH__AZUL__2000_8000Hz.flac,3250268,audio
v10_2_audio/PRUEBAS_RESUMIDAS/A_open__CENTRAL__NO_SUB__NO_HIGH__AZUL.flac,10398047,audio
v10_2_audio/PRUEBAS_RESUMIDAS/C_chromatic__CENTRAL__NO_SUB__NO_HIGH__AZUL__2000_8000Hz.flac,3382223,audio
v10_2_audio/PRUEBAS_RESUMIDAS/C_12__CENTRAL__NO_SUB__NO_HIGH__AZUL.flac,5663182,audio
v10_2_audio/PRUEBAS_RESUMIDAS/A_open__CENTRAL__NO_SUB__NO_HIGH__AZUL__20_80Hz.flac,3239065,audio
v10_2_audio/PRUEBAS_RESUMIDAS/C_chromatic__CENTRAL__NO_SUB__NO_HIGH__AZUL.flac,5849265,audio
v10_2_audio/PRUEBAS_RESUMIDAS/Cmaj7__CENTRAL__NO_SUB__NO_HIGH__AZUL__20_80Hz.flac,1420813,audio
v10_2_audio/PRUEBAS_RESUMIDAS/C_24__CENTRAL__NO_SUB__NO_HIGH__AZUL.flac,5713290,audio
v10_2_audio/PRUEBAS_RESUMIDAS/C_12__CENTRAL__NO_SUB__NO_HIGH__AZUL__20_120Hz.flac,1377171,audio
v10_2_audio/PRUEBAS_RESUMIDAS/E_open__CENTRAL__ROBUST__SAFE__PARAMETRIC__AZUL.flac,12749500,audio
v10_2_audio/PRUEBAS_RESUMIDAS/C_chromatic__CENTRAL__NO_SUB__NO_HIGH__AZUL__20_80Hz.flac,1388300,audio
v10_2_audio/PRUEBAS_RESUMIDAS/Cmaj7__CENTRAL__NO_SUB__NO_HIGH__AZUL__20_120Hz.flac,1787796,audio
v10_2_audio/PRUEBAS_RESUMIDAS/C_24__CENTRAL__ROBUST__SAFE__PARAMETRIC__AZUL.flac,7135638,audio
v10_2_audio/PRUEBAS_RESUMIDAS/E_open__CENTRAL__NO_SUB__NO_HIGH__AZUL__20_80Hz.flac,3547047,audio
v10_2_audio/PRUEBAS_RESUMIDAS/Am7__CENTRAL__NO_SUB__NO_HIGH__AZUL__2000_8000Hz.flac,3738898,audio
v10_2_audio/PRUEBAS_RESUMIDAS/B_open__CENTRAL__NO_SUB__NO_HIGH__AZUL.flac,10316413,audio
v10_2_audio/PRUEBAS_RESUMIDAS/A_open__CENTRAL__NO_SUB__NO_HIGH__AZUL__2000_8000Hz.flac,5653219,audio
v10_2_audio/PRUEBAS_RESUMIDAS/Am7__CENTRAL__NO_SUB__NO_HIGH__AZUL.flac,5945602,audio
v10_2_audio/PRUEBAS_RESUMIDAS/C_chromatic__CENTRAL__ROBUST__SAFE__PARAMETRIC__AZUL.flac,7305017,audio
v10_2_audio/PRUEBAS_RESUMIDAS/B_open__CENTRAL__NO_SUB__NO_HIGH__AZUL__2000_8000Hz.flac,5580581,audio
v10_2_audio/Cmaj7/CAFE_NO_HIGH.flac,1672012,audio
v10_2_audio/Cmaj7/CAFE_PRECISE_ROBUST.flac,1671962,audio
v10_2_audio/Cmaj7/CAFE_PRECISE_CENTRAL.flac,1672110,audio
v10_2_audio/Cmaj7/ESTEREO_L_CAFE_CENTRAL_R_AZUL.flac,3004654,audio
v10_2_audio/Cmaj7/CAFE_ORIGINAL.flac,2020571,audio
v10_2_audio/Cmaj7/AZUL_ORIGINAL.flac,1434009,audio
v10_2_audio/Cmaj7/CAFE_NO_SUB.flac,1671914,audio
v10_2_audio/Cmaj7/CAFE_PARAMETRIC.flac,1673414,audio
v10_2_audio/Cmaj7/CAFE_SAFE.flac,1670213,audio
