model,pair,mae,rmse,p75,p90,p95,improved
V10_2_CENTRAL,A_12,2.240839522210193,4.277973110165672,2.856860689330766,3.6529431380314055,4.21561478601924,
V10_2_CENTRAL,A_open,5.16087111159794,6.595296614550445,7.727520164538524,10.476102110585355,13.399060586040632,
V10_2_CENTRAL,B_12,2.900795971844064,4.1623855864639685,3.7224844827894414,5.730328858861167,6.778127759855627,
V10_2_CENTRAL,B_open,6.527719396666478,8.333308895768166,9.342517193823875,13.606207416420494,16.511283976128173,
V10_2_CENTRAL,C_12,4.856159208422422,6.234138273085818,7.350599539424442,10.22407971581538,11.73085731121185,
V10_2_CENTRAL,C_24,1.477384452812721,1.928880237597204,2.113072434375106,2.995106441859431,3.724954292545567,
V10_2_CENTRAL,C_chromatic,8.060698443557246,14.419173601373329,7.90071893101338,22.471036169731832,37.53714196328812,
V10_2_CENTRAL,C_open,2.509758721121828,3.278639105908673,3.421248284559727,5.432343806555082,6.479592252247883,
V10_2_CENTRAL,D_12,2.811745985463325,5.592887544778383,2.886271006754398,4.705012192701194,11.755587156483037,
V10_2_CENTRAL,D_open,3.5282209889437866,4.3918154484504335,4.9227531692175575,7.428230598224712,8.920014954677304,
V10_2_CENTRAL,E_12,3.061970283442452,4.855901435014691,3.829453784312409,5.971876298675137,7.710727288588667,
V10_2_CENTRAL,E_open,4.80287700738337,6.173690161872295,7.031026816582629,10.026427749200474,12.290807677542448,
V10_2_CENTRAL,G_12,2.8638777149821397,5.411284695439761,2.726752898481779,5.55986855521785,11.900212849244664,
V10_2_CENTRAL,G_open,3.370088682626868,4.091496447488883,4.922293672174127,6.6946513383556265,7.726432730598706,
V10_2_ROBUST,A_12,2.2494191324380983,4.2720825095762525,2.9427615702886216,3.656936027886628,4.278498468271176,
V10_2_ROBUST,A_open,5.164897611244661,6.599119398843186,7.762005104831525,10.496649143643271,13.375131243622723,
V10_2_ROBUST,B_12,2.903805869846493,4.164394214766859,3.722383557586436,5.72480425699876,6.764997465075408,
V10_2_ROBUST,B_open,6.548215609222607,8.354937513525012,9.350074870965637,13.634490030018606,16.497697024450154,
V10_2_ROBUST,C_12,4.8546085406022,6.241029788027628,7.372462550114737,10.248289684766238,11.71350554819697,
V10_2_ROBUST,C_24,1.5092953806237792,1.9538204235502104,2.157636051429879,3.06012206600144,3.668969977717589,
V10_2_ROBUST,C_chromatic,8.06171841932438,14.421856041980863,7.832732513361186,22.431776364927792,37.4478929779225,
V10_2_ROBUST,C_open,2.440813879717174,3.222060060077224,3.2863539893647653,5.2914402295416245,6.472706144060584,
V10_2_ROBUST,D_12,2.879671446014583,5.584408858049769,2.988616156035638,4.919324527285382,11.597794359657303,
V10_2_ROBUST,D_open,3.540028462027757,4.408702122721937,5.002730054779576,7.5010203379599965,8.936692322791478,
V10_2_ROBUST,E_12,3.06321182940684,4.85740320108902,3.820512690289044,5.943161350270577,7.726090330343135,
V10_2_ROBUST,E_open,4.796051151829992,6.167341746018892,7.024852190373742,9.99244836410544,12.32040039926696,
V10_2_ROBUST,G_12,2.8362284107224447,5.390098038505192,2.695262358840932,5.527562128724844,11.852312005176625,
V10_2_ROBUST,G_open,3.3754583085767544,4.097106906068736,4.9356988677683855,6.695570368824855,7.739814467233714,
V10_2_SAFE,A_12,2.202570362111483,4.234235280777228,2.4975974648201333,3.782600144720632,3.993570026906135,
V10_2_SAFE,A_open,5.179199905281144,6.6088878286417785,7.763285072300799,10.601208290167309,13.280441507888876,
V10_2_SAFE,B_12,2.907282005419202,4.145092413201169,3.8061629277218167,5.556978925666874,6.913095906108182,
V10_2_SAFE,B_open,6.47483855840748,8.265440247653741,9.276826035459935,13.55784177633417,16.44694000121109,
V10_2_SAFE,C_12,4.592334948637164,5.997497881250373,6.922122143447777,9.808349490029777,11.31246676162396,
V10_2_SAFE,C_24,1.2176971080662284,1.7992936157247774,1.494624079250828,2.8761793922341945,4.014921196185912,
V10_2_SAFE,C_chromatic,8.191589448761427,14.599326753260303,7.996909713393476,23.29435667077543,37.89689603898612,
V10_2_SAFE,C_open,2.610405463005864,3.362801907672592,3.6026391283786108,5.368923372171135,6.558177916039568,
V10_2_SAFE,D_12,2.7863065420740987,5.659259101946141,2.617055660468392,4.656994904092934,11.659796527410665,
V10_2_SAFE,D_open,3.517315461196411,4.385203275882668,4.964959527414137,7.475308745445765,8.985721730397657,
V10_2_SAFE,E_12,3.1014140250964246,4.915722812633285,4.03625012048717,5.685181638063984,8.112233976213991,
V10_2_SAFE,E_open,4.776422703088423,6.137577281132033,6.975708398003387,10.062151135041995,12.33696895264944,
V10_2_SAFE,G_12,2.9057552875725947,5.532251390116625,2.7302685185281392,5.52436488532301,11.773970346677276,
V10_2_SAFE,G_open,3.24144770494772,3.9351488738506095,4.671097217162425,6.539504377216432,7.290065355737338,
V10_2_PARAMETRIC,A_12,2.4338465382657226,4.329315965144292,3.1742229074677497,4.037293716390172,4.939223019507806,
V10_2_PARAMETRIC,A_open,5.220465893980445,6.648125113627923,7.834917872153013,10.679616916497976,13.400264280713616,
V10_2_PARAMETRIC,B_12,2.9237568346336245,4.174234593259008,3.817510781338944,5.604922361764788,6.953161144311273,
V10_2_PARAMETRIC,B_open,6.432166648313269,8.216151141739637,9.187529054658134,13.294405444888278,16.221603558840197,
V10_2_PARAMETRIC,C_12,4.876147033962692,6.248957512521849,7.321597535889173,10.190579742906143,11.63945450521654,
V10_2_PARAMETRIC,C_24,1.392938526065809,1.8641893614484089,2.0019527699417763,2.81885291794142,3.618887246948327,
V10_2_PARAMETRIC,C_chromatic,8.076102805631521,14.45720165494279,8.131999163088192,22.603249001494238,38.335328116794216,
V10_2_PARAMETRIC,C_open,2.478839585851461,3.250284280474853,3.3459694220418856,5.37451581908751,6.45660881518744,
V10_2_PARAMETRIC,D_12,2.687937054522802,5.605831763054519,2.411688941060799,5.059080760389807,11.844888359684363,
V10_2_PARAMETRIC,D_open,3.59319211028376,4.421234689470467,5.049099108606754,7.2968748839925155,8.741981253151799,
V10_2_PARAMETRIC,E_12,3.0545080612901416,4.748430403627397,3.5435015950745994,6.020589836049248,7.029065079117915,
V10_2_PARAMETRIC,E_open,4.709998624299858,6.066694049004094,6.903935545473897,9.86592640229972,12.2063966633264,
V10_2_PARAMETRIC,G_12,3.382196447183744,5.768962111821398,3.3951691067228458,6.217499034399632,12.50490393854847,
V10_2_PARAMETRIC,G_open,3.695481381990502,4.512197291000561,5.626261585340872,7.198295775156335,8.44931395361152,
V10_2_NO_SUB,A_12,2.240839522210193,4.277973110165672,2.856860689330766,3.6529431380314055,4.21561478601924,
V10_2_NO_SUB,A_open,5.214040854615224,6.64547668842263,7.893661685217123,10.739856616920012,13.398357673440438,
V10_2_NO_SUB,B_12,2.9563958620226924,4.1889629270602855,3.905823617463071,5.390085571247428,7.200581142666327,
V10_2_NO_SUB,B_open,6.515936506788324,8.321611566938312,9.319231580402397,13.566609863809962,16.509715016816354,
V10_2_NO_SUB,C_12,4.856159208422422,6.234138273085818,7.350599539424442,10.22407971581538,11.73085731121185,
V10_2_NO_SUB,C_24,1.477384452812721,1.928880237597204,2.113072434375106,2.995106441859431,3.724954292545567,
V10_2_NO_SUB,C_chromatic,8.060064282668431,14.417633191414332,7.900583858427447,22.471036169731832,37.52201301239333,
V10_2_NO_SUB,C_open,2.509758721121828,3.278639105908673,3.421248284559727,5.432343806555082,6.479592252247883,
V10_2_NO_SUB,D_12,2.811745985463325,5.592887544778383,2.886271006754398,4.705012192701194,11.755587156483037,
V10_2_NO_SUB,D_open,3.4844207943331,4.364572257118597,4.939757141610436,7.549978146490718,8.872096774300939,
V10_2_NO_SUB,E_12,3.061970283442452,4.855901435014691,3.829453784312409,5.971876298675137,7.710727288588667,
V10_2_NO_SUB,E_open,4.808889402625525,6.182671079321287,7.051450583354455,10.00425657489741,12.336645982362349,
V10_2_NO_SUB,G_12,2.8638777149821397,5.411284695439761,2.726752898481779,5.55986855521785,11.900212849244664,
V10_2_NO_SUB,G_open,3.370088682626868,4.091496447488883,4.922293672174127,6.6946513383556265,7.726432730598706,
V10_2_NO_HIGH,A_12,2.240839522210193,4.277973110165672,2.856860689330766,3.6529431380314055,4.21561478601924,
V10_2_NO_HIGH,A_open,5.16087111159794,6.595296614550445,7.727520164538524,10.476102110585355,13.399060586040632,
V10_2_NO_HIGH,B_12,2.900795971844064,4.1623855864639685,3.7224844827894414,5.730328858861167,6.778127759855627,
V10_2_NO_HIGH,B_open,6.527719396666478,8.333308895768166,9.342517193823875,13.606207416420494,16.511283976128173,
V10_2_NO_HIGH,C_12,4.856159203108417,6.234138257470281,7.350599539424442,10.22407971581538,11.73085731121185,
V10_2_NO_HIGH,C_24,1.477384452812721,1.928880237597204,2.113072434375106,2.995106441859431,3.724954292545567,
V10_2_NO_HIGH,C_chromatic,8.06069850070108,14.419173713172755,7.90071893101338,22.471036169731832,37.53714196328812,
V10_2_NO_HIGH,C_open,2.509758721121828,3.278639105908673,3.421248284559727,5.432343806555082,6.479592252247883,
V10_2_NO_HIGH,D_12,2.811745985463325,5.592887544778383,2.886271006754398,4.705012192701194,11.755587156483037,
V10_2_NO_HIGH,D_open,3.5282209889437866,4.3918154484504335,4.9227531692175575,7.428230598224712,8.920014954677304,
V10_2_NO_HIGH,E_12,3.061970283442452,4.855901435014691,3.829453784312409,5.971876298675137,7.710727288588667,
V10_2_NO_HIGH,E_open,4.80287700738337,6.173690161872295,7.031026816582629,10.026427749200474,12.290807677542448,
V10_2_NO_HIGH,G_12,2.8638781368188515,5.4112850112419295,2.726752898481779,5.559971347044194,11.900212849244664,
V10_2_NO_HIGH,G_open,3.370088682626868,4.091496447488883,4.922293672174127,6.6946513383556265,7.726432730598706,
V9,A_12,1.9798773596162695,2.662435922845664,2.419007696558204,3.765015203953858,4.891200144866855,
V9,A_open,4.283572784365263,5.557695017325692,5.727290716698579,9.386251626771102,12.021948750959675,
V9,B_12,2.552496527184754,3.543378642694309,3.5220269574297305,5.811465441631708,6.369982926031683,
V9,B_open,5.493502143318569,6.845588940892955,7.906858225975284,11.478924935690335,13.822512986007451,
V9,C_12,5.196948184401619,6.438345337320177,7.5659401158006,10.79736341163521,12.651949375053315,
V9,C_24,2.1191718086262292,2.550639015067191,2.830606188806356,3.675588731129264,4.511079669382384,
V9,C_chromatic,3.999534670150859,5.311528069503996,5.61246123615687,8.209399458509017,10.891986885888743,
V9,C_open,7.147552135274647,7.601786442764407,8.972206327597661,10.062222511765068,10.674020169804988,
V9,D_12,2.0836636530185064,3.07650079100603,2.7276242992619233,3.7877989857417793,5.4438486909723185,
V9,D_open,3.9573257471714305,4.786163622146527,5.527344598729226,7.775191105671695,9.042788755295382,
V9,E_12,2.1001234021310036,2.773902866602834,3.179753019695596,4.463020335677591,4.695090748540205,
V9,E_open,4.703272355386365,5.896392271347734,6.727248929932247,10.049218577119813,11.645493276755786,
V9,G_12,5.304493210767518,6.204472028407039,7.857116055657222,8.957231478658104,9.864566657444362,
V9,G_open,7.06997756684022,7.915683609041898,9.738431863238029,11.493745878915176,12.807878645466863,
V10_1,A_12,1.793884059296788,2.412561816746775,2.06639885234629,3.1958330685718557,4.279163309840994,
V10_1,A_open,4.293457621617208,5.47698280490739,5.651527378760886,8.842672696718525,11.62378232646399,
V10_1,B_12,2.4861312783047067,3.3425055587721944,3.076594830393453,5.115654315828789,5.6778265207894885,
V10_1,B_open,5.475096852204448,6.841893033258146,7.934844364626196,11.418820084229221,13.771052108476177,
V10_1,C_12,5.112717870404839,6.367939797578283,7.661055273705276,10.719097434245867,12.436544278071818,
V10_1,C_24,2.1479137210445844,2.5554458900600383,2.8888238980251604,3.707155939626152,4.560282445372349,
V10_1,C_chromatic,4.016173027324355,5.3471067373032755,5.7143459196559485,8.274371541052615,10.738913271839554,
V10_1,C_open,6.506973679878077,6.968069111306841,8.283993082661889,9.391087390167288,9.977022374530538,
V10_1,D_12,2.092644268701814,2.975974603470054,2.382653298037628,3.9353409487013895,4.7619439165415445,
V10_1,D_open,4.003607157263552,4.849043740451544,5.691183507378732,7.607681040713139,8.976884907580079,
V10_1,E_12,2.0504831368555387,2.700775499764763,2.9630200870114174,4.416515032795163,4.8085539686314345,
V10_1,E_open,4.550522428665304,5.733345806614305,6.559424262472766,9.672803510203618,11.461726951385026,
V10_1,G_12,4.838588231267221,5.686036996710457,7.162659906285765,8.29145800489455,9.170358464523183,
V10_1,G_open,6.4019981013300855,7.2992581803650705,9.042452266734747,10.794911795223761,12.108858582800284,
