pair,event,event_confidence_v18,class_weight,note_weight,lag_weight
A_12,0,0.8184280671978895,1.0,0.8687948910780662,0.8804347826086776
A_12,1,0.7530349288825243,1.0,0.8340716784335891,0.7282608695652011
A_12,2,0.7420831925528683,1.0,0.8574225666907309,0.44565217391300616
A_12,3,0.6989011811400457,1.0,0.8713697809886435,0.4239130434782209
A_12,4,0.7912688538312187,1.0,0.8851317031010424,0.5543478260869257
A_12,5,0.7447390779192898,1.0,0.889095381813924,0.6630434782608452
A_12,6,0.8015379610727553,1.0,0.8792237594743999,0.8152173913043218
A_12,7,0.7905761597069539,1.0,0.8584331936008165,0.9891304347825903
A_12,8,0.7312685905933898,1.0,0.8432023118943083,0.5760869565217042
A_12,9,0.7756774424643744,1.0,0.860447434744976,0.7499999999999727
A_12,10,0.8335629409020809,1.0,0.8864543239061364,0.9673913043478187
A_12,11,0.7785930278479466,1.0,0.8972552770171973,0.8804347826086776
A_12,12,0.8019763574669053,1.0,0.9134514359839118,0.7282608695651875
A_12,13,0.7846951192072548,1.0,0.9135273261417427,0.7499999999999659
A_12,14,0.8185144245129321,1.0,0.9018009119657548,0.8152173913043422
A_12,15,0.6658973011430375,1.0,0.8955214956557698,0.9673913043478187
A_12,16,0.8348520534338194,1.0,0.9010997127037393,0.9456521739130198
A_12,17,0.8191216099646783,1.0,0.9130819075335039,0.9239130434782685
A_12,18,0.8188023966286758,1.0,0.9014123641844427,0.836956521739141
A_12,19,0.7911774891290149,1.0,0.9000645674536235,0.7500000000000137
A_12,20,0.8403682720874045,1.0,0.8991739071008764,0.9673913043478187
A_12,21,0.8193346338727312,1.0,0.9036666468310252,0.9456521739130674
A_12,22,0.8438573497037072,1.0,0.896979136768237,0.9891304347826175
A_12,23,0.7573059220803874,1.0,0.8984088272455363,0.6847826086956373
A_12,24,0.8232362013207406,1.0,0.9020394804113108,0.8369565217391275
A_12,25,0.8311164341850439,1.0,0.9221343256829454,0.8586956521738923
A_12,26,0.8430086670470328,1.0,0.8973475713419314,0.9891304347826108
A_12,27,0.796661686782777,1.0,0.8997670662029279,0.75
A_12,28,0.8466663657006663,1.0,0.9020298463213366,0.9673913043478187
A_12,29,0.8022726620550924,1.0,0.9093933194069783,0.8152173913043627
A_12,30,0.814853390992634,1.0,0.9102297037672844,0.75
A_12,31,0.7653063276946186,1.0,0.9149352689633244,0.6413043478261009
A_12,32,0.8296083572921766,1.0,0.9168625437438167,0.9021739130434901
A_12,33,0.8218133993442859,1.0,0.9260502887172033,0.8369565217391275
A_12,34,0.7857460955679109,1.0,0.9289171364282264,0.7282608695651738
A_12,35,0.7454511746815685,1.0,0.926227510528965,0.7934782608695637
A_12,36,0.8166227519858085,1.0,0.9254137745149481,0.8152173913043627
A_12,37,0.8388485382464914,1.0,0.9279866328588403,0.9021739130434901
A_12,39,0.7021704604980631,1.0,0.9155467512555334,0.4
A_12,40,0.7252170176926355,1.0,0.9152534508962287,0.4
A_12,41,0.7057537130477,1.0,0.9180374498555719,0.4
A_12,42,0.7320184410028939,1.0,0.9246830675980982,0.4
A_12,43,0.6979428310697448,1.0,0.9157326626546508,0.4
A_12,45,0.718890915915163,1.0,0.916166977866537,0.4
A_12,46,0.7621254916799433,1.0,0.9169322160166682,0.4
A_12,47,0.7025608079374773,1.0,0.9238774823462195,0.4
A_12,49,0.6947331767043878,0.7,0.9217913097895762,0.4
A_12,50,0.7131120833598283,0.7,0.9264696467002569,0.4
A_12,51,0.7039647894224912,0.7,0.9291095125517764,0.4
A_12,52,0.7038701358355626,0.7,0.9188711281618933,0.4
A_open,0,0.7066392634274654,1.0,0.8554180640904411,0.7344913151364761
A_open,1,0.825737348727652,1.0,0.9965216772471168,0.745037220843672
A_open,2,0.797523274625937,1.0,0.9164053208997053,0.745037220843672
A_open,3,0.7795087168369943,1.0,0.8932092759345359,0.7400744416873444
A_open,4,0.762915860241446,1.0,0.9072120254879865,0.7382133995037217
A_open,5,0.8174455110858181,1.0,0.9201654041965959,0.7394540942928036
A_open,6,0.766980993262431,1.0,0.8740986127129657,0.7431761786600493
A_open,7,0.7848913313330568,1.0,0.8820854117852626,0.7462779156327538
A_open,8,0.7268969640253488,1.0,0.8431595442587569,0.7425558312655084
A_open,9,0.7894643170956279,1.0,0.9086632759995555,0.7425558312655084
A_open,10,0.7666872431024228,1.0,0.8950643896137845,0.7512406947890815
A_open,11,0.7990704867999545,1.0,0.9552026474331471,0.7493796526054588
A_open,12,0.7690798621750227,1.0,0.8884650887808605,0.7506203473945405
A_open,13,0.806743053361917,1.0,0.8969399244904618,0.7468982630272947
A_open,14,0.7314637358874162,1.0,0.8753261073656315,0.7531017369727047
A_open,16,0.7232796388075756,1.0,0.8949493196696799,0.7419354838709675
A_open,17,0.7803148530396997,1.0,0.8923828692696643,0.7406947890818852
A_open,18,0.7705029519787453,1.0,0.8767024874429362,0.7456575682382129
A_open,19,0.7894161539950855,1.0,0.8919487050371183,0.7437965260545901
A_open,20,0.7746261412919857,1.0,0.9100548747677342,0.7468982630272951
A_open,21,0.7991530342592255,1.0,0.9260243135941955,0.7462779156327546
A_open,22,0.7980270509629,1.0,0.9329862112724719,0.736972704714639
A_open,23,0.7982687474021201,1.0,0.9277500669848825,0.7413151364764266
A_open,24,0.7863773710090892,1.0,0.9109429653644717,0.7375930521091804
A_open,25,0.791846159977352,1.0,0.8968406040901663,0.7400744416873439
A_open,26,0.7249975788097989,1.0,0.887934258716137,0.7406947890818852
A_open,27,0.8010983646327888,1.0,0.906152132808261,0.7499999999999992
A_open,28,0.7480612238504739,1.0,0.8788812365432752,0.7475186104218356
A_open,29,0.7613662092243195,1.0,0.8621724659563632,0.732630272952854
A_open,32,0.7989283764242774,1.0,0.8822949827638313,0.9968982630272943
A_open,33,0.815208946112905,1.0,0.8485595733534153,0.9944168734491314
A_open,34,0.7720321884042444,1.0,0.8794375179701086,0.9944168734491307
A_open,35,0.8382446833602196,1.0,0.8960259991061852,0.9981389578163776
A_open,36,0.8000181112802606,1.0,0.8881575137627302,0.9981389578163776
A_open,37,0.8511641884864968,1.0,0.9400788172515311,0.9975186104218371
A_open,38,0.7994736935179881,1.0,0.9171488784071471,0.9999999999999992
A_open,39,0.7943188698661274,1.0,0.876866562352107,0.9968982630272959
A_open,40,0.7744276984567379,1.0,0.9132270730963543,0.9981389578163768
A_open,41,0.8375990388920594,1.0,0.9396098786595015,0.9962779156327546
A_open,42,0.8006101881317393,1.0,0.910862061986289,0.9987593052109189
A_open,43,0.8270160800680849,1.0,0.9436195169266527,0.9956575682382125
A_open,44,0.6571244715009104,1.0,0.893108699840273,0.9993796526054602
A_open,45,0.7974105407491476,1.0,0.8951394651485256,0.9987593052109189
A_open,46,0.7611231728444502,1.0,0.8825315754922307,0.9981389578163776
A_open,47,0.8107743550156984,1.0,0.8744941245137526,0.9993796526054587
A_open,48,0.6550543178622248,1.0,0.8826330359947849,0.9993796526054587
A_open,49,0.8357841479972784,1.0,0.9151369415540797,0.9968982630272951
A_open,50,0.6640052467455919,1.0,0.8868275587951993,0.9900744416873455
A_open,51,0.8227368428148986,1.0,0.8745673127510109,0.9962779156327553
A_open,52,0.7444606464296343,1.0,0.8143532275187819,0.995657568238214
A_open,53,0.8774060694069413,1.0,0.9233692270155217,0.9975186104218349
A_open,54,0.7808648893446651,1.0,0.8883505216335508,1.0
A_open,55,0.8592751962280318,1.0,0.924090824370184,1.0
A_open,56,0.8151713904714187,1.0,0.9026960893127396,0.9937965260545901
A_open,57,0.8440620969698012,1.0,0.9166226386383494,0.9919354838709663
A_open,58,0.7929376255802537,1.0,0.9028173899504233,0.9981389578163776
A_open,59,0.8580861264085157,1.0,0.8917947826705664,0.9950372208436712
A_open,60,0.8019311453913205,1.0,0.9121001719615441,0.9962779156327538
A_open,61,0.841972466851895,1.0,0.8872780700224113,0.9968982630272936
A_open,62,0.7612151888869474,1.0,0.8902930711341961,0.9931761786600489
A_open,63,0.8312411899434785,1.0,0.8981964425987116,0.9962779156327538
A_open,64,0.7683330978570942,1.0,0.890362081767555,0.9832506203473943
A_open,65,0.8498342716123933,1.0,0.897341578515687,0.9987593052109174
A_open,67,0.8062351043021339,1.0,0.8973382191063506,0.8771712158808933
A_open,68,0.7789234752267993,1.0,0.9170056872584879,0.8821339950372207
A_open,69,0.7860864458251692,1.0,0.8459615176978617,0.8808933002481396
A_open,71,0.8150008834066834,1.0,0.9194168514014674,0.7475186104218372
A_open,72,0.7600614367730353,1.0,0.9221425973933837,0.7468982630272958
A_open,73,0.80394828714556,1.0,0.8828925674463036,0.7506203473945421
A_open,74,0.7137075350768426,1.0,0.873477284119804,0.7493796526054595
A_open,75,0.7546196904956742,1.0,0.849811424193192,0.7444168734491322
A_open,76,0.7358812424420145,1.0,0.8626817598754153,0.7413151364764272
A_open,77,0.7976008649076615,1.0,0.8627518580234638,0.7500000000000008
A_open,78,0.7607203267514521,1.0,0.8960228748493009,0.7413151364764272
A_open,79,0.799997225102903,1.0,0.885957607038183,0.7400744416873463
A_open,80,0.7749198005462462,1.0,0.8814200706641271,0.7444168734491308
A_open,81,0.7725300848646226,1.0,0.8931832414063331,0.739454094292805
A_open,82,0.7352074530186029,1.0,0.8844332573215395,0.7369727047146414
A_open,83,0.7855493947518921,1.0,0.9000759008652619,0.7400744416873463
A_open,84,0.7250806178569736,1.0,0.887290158089762,0.7338709677419364
A_open,85,0.8112558346872041,1.0,0.9150000569663542,0.7450372208436735
A_open,87,0.7738086983282186,1.0,0.9701433322023443,0.6110421836228297
A_open,88,0.7690018191219673,1.0,0.8867114686765516,0.6160049627791571
A_open,89,0.6134737583509701,1.0,0.8897519827476706,0.6222084367245653
A_open,90,0.7522289999424931,1.0,0.8766166412145,0.6246898263027305
A_open,91,0.7198341684788107,1.0,0.8930262381956329,0.6265508684863528
A_open,92,0.7863242391792844,1.0,0.9335267608149246,0.6271712158808942
A_open,93,0.7567155801287985,1.0,0.9187436641392251,0.6228287841191082
A_open,94,0.7947235454179163,1.0,0.9128159298723857,0.6197270471464018
A_open,95,0.7412404300805477,0.7,0.8994810735796531,0.7431761786600513
A_open,96,0.7775932391348923,0.7,0.9061985582475633,0.8765508684863521
A_open,97,0.7484673754814608,0.7,0.9182676763314157,0.8765508684863537
A_open,98,0.7792669804218519,0.7,0.9185686053956285,0.8728287841191059
A_open,99,0.7271333659748207,0.7,0.9066888796939214,0.8660049627791563
A_open,100,0.7754625450908045,0.7,0.9320605126206285,0.8746898263027313
A_open,101,0.7346680679133286,0.7,0.9064267279770066,0.8722084367245646
Am7,0,0.7738835025008527,1.0,0.6666666666666667,0.9955250119865751
Am7,1,0.6960174928881785,1.0,0.6666666666666667,0.9739092216717273
Am7,2,0.723078673981471,1.0,0.6666666666666667,0.7512386127537162
Am7,3,0.7527839803536074,1.0,0.6666666666666667,0.7512386127537157
Am7,4,0.5805516382182515,1.0,0.6666666666666667,0.7769697938309097
Am7,5,0.749540426401372,1.0,0.6666666666666667,0.7512386127537154
Am7,6,0.7157022845756905,1.0,0.6666666666666667,0.7512386127537162
Am7,8,0.8968310113131464,1.0,0.6666666666666667,0.9955250119865753
Am7,9,0.7841799930576282,1.0,0.6666666666666667,0.9789036279367107
Am7,10,0.7884253448377285,1.0,0.6666666666666667,0.9844574077033718
Am7,11,0.7402089516196614,1.0,0.6666666666666667,0.9929678759789032
Am7,13,0.6891088173393312,1.0,0.6666666666666667,0.7436471152309414
Am7,14,0.7003326800737135,1.0,0.6666666666666667,0.7653827712961483
Am7,15,0.7436537278151005,1.0,0.6666666666666667,0.7436471152309405
Am7,16,0.6281159749197268,1.0,0.6666666666666667,0.4751478344254435
Am7,17,0.6356793691379138,1.0,0.6666666666666667,0.47131213041393505
Am7,18,0.5327047859340075,1.0,0.6666666666666667,0.4650391561451164
Am7,20,0.5523448441660679,1.0,0.6666666666666667,0.7377337382132002
Am7,21,0.6989053096503678,1.0,0.6666666666666667,0.7615470672846409
Am7,22,0.6820289293796263,1.0,0.6666666666666667,0.7487613872462846
Am7,23,0.7164659645538116,1.0,0.6666666666666667,0.7474828192424483
Am7,24,0.5718934391762862,1.0,0.6666666666666667,0.7334185712002554
Am7,25,0.7101921217154421,1.0,0.6666666666666667,0.728304299184913
Am7,27,0.6032100032960418,1.0,0.6666666666666667,0.9661179478983549
Am7,28,0.7343190713617677,1.0,0.6666666666666667,0.9801821959405459
Am7,29,0.7820132168707776,1.0,0.6666666666666667,0.9844574077033713
Am7,30,0.7497239136282531,1.0,0.6666666666666667,0.9844574077033713
Am7,32,0.7107533196901894,1.0,0.6666666666666667,0.7346971392040915
Am7,34,0.6864055543465327,1.0,0.6666666666666667,0.46875499440626567
Am7,35,0.6803760908243257,1.0,0.6666666666666667,0.4453012625859014
Am7,36,0.6424134364022771,1.0,0.6666666666666667,0.4585264503755784
Am7,37,0.6933067456312175,1.0,0.6666666666666667,0.7167971871503909
Am7,38,0.6106953504396224,0.7,0.6666666666666667,0.7246284161738872
Am7,39,0.6397059107677089,0.7,0.6666666666666667,0.7142400511427196
Am7,40,0.6699800510122607,0.7,0.6666666666666667,0.7219114591657334
Am7,41,0.6435355275864019,0.7,0.6666666666666667,0.7359757072079277
Am7,42,0.7008918184059953,0.7,0.6666666666666667,0.9904107399712317
Am7,43,0.6671465755756265,0.7,0.6666666666666667,0.9955250119865746
B_12,0,0.6357874267663557,1.0,0.719042651849221,0.4
B_12,1,0.6640573676257212,1.0,0.7985849830302942,0.4
B_12,2,0.6801932212650913,1.0,0.7692221654918333,0.4
B_12,3,0.7194852724819304,1.0,0.8387551565740772,0.4
B_12,4,0.7033157016138837,1.0,0.8207208020122383,0.4
B_12,5,0.7225134324861954,1.0,0.8253720091246587,0.4
B_12,6,0.6741504447344041,1.0,0.7886257500005902,0.4602272727272718
B_12,7,0.7672273553658747,1.0,0.8097696176215435,0.75
B_12,8,0.7089575801872783,1.0,0.7793439132475705,0.7428977272727275
B_12,9,0.728063515123364,1.0,0.785454455031958,0.7230113636363634
B_12,10,0.7660673737101621,1.0,0.8133399622491524,0.9644886363636345
B_12,11,0.797645791785459,1.0,0.8293105138287905,0.9559659090909077
B_12,12,0.7661397829364317,1.0,0.8272041458848758,0.9474431818181802
B_12,13,0.789627918624634,1.0,0.8322163727861038,0.9559659090909077
B_12,14,0.7826919869462816,1.0,0.8301359585615531,0.9616477272727255
B_12,15,0.7922475694318094,1.0,0.8538067235617947,0.9886363636363622
B_12,16,0.7964797744346646,1.0,0.8259559727523907,1.0
B_12,17,0.7958974913724504,1.0,0.8310470270336866,0.9843749999999981
B_12,18,0.8089646673479876,1.0,0.8322461769575336,0.9829545454545434
B_12,19,0.7989486914530091,1.0,0.8156426411400433,0.9673295454545443
B_12,20,0.7707823369268818,1.0,0.8342886784620217,0.950284090909089
B_12,21,0.7920371649832457,1.0,0.7897214408809605,0.9801136363636346
B_12,22,0.7527781685505769,1.0,0.7703322089660625,0.9715909090909078
B_12,23,0.7749615403114253,1.0,0.7847445883357713,0.9857954545454533
B_12,24,0.7193530939228241,1.0,0.7503176997114438,0.9630681818181802
B_12,25,0.7133860094966937,1.0,0.7586137035291007,0.6661931818181787
B_12,27,0.7835503351475582,1.0,0.8162686838758356,0.9559659090909086
B_12,28,0.7928679303483929,1.0,0.8146446369011322,0.950284090909089
B_12,29,0.7609249512337967,1.0,0.7885904318725113,0.9616477272727264
B_12,30,0.7777822792122702,1.0,0.8282958655759707,0.9772727272727247
B_12,31,0.6351465050354833,1.0,0.8187106945361349,0.9517045454545424
B_12,32,0.7780699632219846,1.0,0.8181637975928271,0.9474431818181802
B_12,33,0.7720947397378518,1.0,0.76760476263104,0.9701704545454531
B_12,35,0.7756565221567546,1.0,0.8308551221399437,0.7471590909090902
B_12,37,0.5626384583419174,1.0,0.814334708827129,0.4517045454545462
B_12,38,0.6884475207892883,1.0,0.8124852341171684,0.4446022727272726
B_12,39,0.7818639539132836,1.0,0.8369285176470664,0.7329545454545452
B_12,41,0.753845559313137,1.0,0.8641359637300622,0.42329545454545314
B_12,42,0.6886942916584528,1.0,0.8268622204243642,0.4616477272727263
B_12,43,0.761185005390997,1.0,0.8561193962529076,0.45596590909090884
B_12,45,0.7029477906465376,0.7,0.8403090014949965,0.4
B_12,47,0.674124098853049,0.7,0.8672071302947897,0.4
B_12,48,0.6710616234523283,0.7,0.850886790172267,0.4
B_12,49,0.6686614033479752,0.7,0.8456976577044282,0.4
B_12,50,0.6874084215419944,0.7,0.8857690423025126,0.4
B_open,0,0.6396180921126609,1.0,0.9443916206635646,0.7543859649123154
B_open,1,0.7992911391453591,1.0,0.9662350091930709,0.4
B_open,2,0.7560438650291804,1.0,0.9238178535823415,0.4
B_open,3,0.7623568961197505,1.0,0.9691775872876509,0.4
B_open,4,0.6761171387226522,1.0,0.8015943460293374,0.4
B_open,5,0.6609116633748654,1.0,0.870845462269102,0.4
B_open,6,0.7354641727706978,1.0,0.9346616807725968,0.4
B_open,7,0.78156126169166,1.0,0.9877637031963066,0.4
B_open,8,0.7301492973752995,1.0,0.927113944210045,0.4
B_open,9,0.7891242904220132,1.0,0.9872668287861637,0.4
B_open,10,0.7712356597833511,1.0,0.9711708733900165,0.4
B_open,11,0.7760810678668214,1.0,0.9970823244049329,0.4
B_open,13,0.7721713259937361,1.0,0.9406690538786556,0.4
B_open,14,0.76545742231452,1.0,0.968529779172632,0.4
B_open,15,0.7542151810595076,1.0,0.9491783301094993,0.4
B_open,16,0.7558348007321728,1.0,0.9776386567325205,0.4
B_open,17,0.6695106339664386,1.0,0.8457674305358218,0.4
B_open,18,0.7896821413775547,1.0,0.9769455957799346,0.4
B_open,19,0.7491652131251886,1.0,0.95994211521422,0.4
B_open,20,0.7076136029158696,1.0,0.9105296026469334,0.4
B_open,21,0.7483845911752064,1.0,0.9596974820362972,0.4
B_open,22,0.7396728739952162,1.0,0.8814935140908784,0.4
B_open,23,0.7909637435342604,1.0,0.9683816198849391,0.4
B_open,24,0.720015198447825,1.0,0.9151481114704078,0.4
B_open,25,0.67985280320392,1.0,0.8691873981413157,0.4
B_open,26,0.7402494744022045,1.0,0.9624526518160437,0.4
B_open,27,0.7706178941846923,1.0,0.969833081286479,0.4
B_open,28,0.7829503117719517,1.0,0.9625084338937446,0.4
B_open,29,0.8024512920878429,1.0,0.9757256663837129,0.4
B_open,30,0.889835859759832,1.0,0.9761951302219717,0.4
B_open,31,0.7821145897152463,1.0,0.9928565427403799,0.4
B_open,32,0.7876763366846268,1.0,0.9926741293841306,0.4
B_open,33,0.7575023286161243,1.0,0.9332428236541421,0.4
B_open,35,0.82384373234406,1.0,0.9221113750609378,0.971929824561409
B_open,36,0.8484595577720676,1.0,0.9654952564068248,0.8736842105263323
B_open,37,0.850667340197559,1.0,0.9926735571669091,0.8596491228070364
B_open,38,0.8889013612634348,1.0,0.9766574166898802,0.9368421052631658
B_open,39,0.8917107511811085,1.0,0.9964407992290675,0.978947368421061
B_open,40,0.8738842141753789,1.0,0.985948292827781,0.9578947368421137
B_open,41,0.8414173336747582,1.0,0.9808711361394639,0.9298245614035225
B_open,42,0.8530301530841585,1.0,0.9869613901014128,0.9789473684210516
B_open,43,0.7631846233597587,1.0,0.8775724576268455,0.9649122807017564
B_open,44,0.8684012467232256,1.0,0.9986752540581556,0.9859649122807042
B_open,45,0.8467820533737508,1.0,0.9988227232731927,0.971929824561409
B_open,46,0.8634595403833253,1.0,0.9167908851966811,0.971929824561409
B_open,47,0.812395093016084,1.0,0.9338818917034175,0.9228070175438706
B_open,48,0.8635236146297767,1.0,0.941360939641494,0.9087719298245759
B_open,49,0.8407289701812298,1.0,0.9340818863406986,0.9508771929824693
B_open,50,0.8511697603736796,1.0,0.9715299701105816,0.9017543859649227
B_open,51,0.8411675675739613,1.0,0.9639411081121493,1.0
B_open,52,0.8727705467238583,1.0,0.9574561571645857,0.9368421052631664
B_open,53,0.8714321681764987,1.0,0.9594696247335427,0.9929824561403485
B_open,54,0.7891942669483563,1.0,0.8655881424505882,0.985964912280713
B_open,55,0.8252774100291672,1.0,0.9486998685740448,0.992982456140348
B_open,57,0.7253574427976909,1.0,0.9204563380582471,0.4
B_open,58,0.6608528336448479,1.0,0.8336556516522946,0.4
B_open,59,0.7590768889582847,1.0,0.9317208569508622,0.4
B_open,60,0.7540752689953966,1.0,0.9458427081081118,0.4
B_open,61,0.7956478928852567,1.0,0.9832627966158194,0.4
B_open,62,0.6956249433657588,1.0,0.8721935406969769,0.4
B_open,63,0.758504947373433,1.0,0.9275392864884404,0.4
B_open,64,0.686006889570154,1.0,0.8652571582430968,0.4
B_open,65,0.7149567131390887,1.0,0.8965886508286358,0.4
B_open,66,0.7483866554680146,1.0,0.9355527577811203,0.4
B_open,67,0.7995126082310332,1.0,0.9504140990270179,0.4
B_open,68,0.7706306717558474,1.0,0.9900779529324287,0.4
B_open,69,0.8316377836465613,1.0,0.9568987803548528,0.971929824561409
B_open,70,0.8226285203810881,1.0,0.9120409471553761,0.7888157894736957
B_open,71,0.8033135474623774,1.0,0.9140642828743507,0.9859649122806959
B_open,72,0.801798973547183,1.0,0.9572227303955871,0.9649122807017569
B_open,73,0.8001178221023558,1.0,0.9228800296208495,0.8368421052631588
B_open,74,0.818898912215411,1.0,0.9166942768272536,0.985964912280713
B_open,75,0.8195817940005928,1.0,0.9298165244400187,0.8947368421052707
B_open,76,0.8600206493541507,1.0,0.935380679960843,0.985964912280713
B_open,77,0.8077698425072011,1.0,0.9510388906482029,0.9298245614035138
B_open,78,0.8073171596249641,1.0,0.8967180626782578,0.9157894736842268
B_open,79,0.8185261036452841,1.0,0.9106723832252261,0.978947368421061
B_open,80,0.8026196052584709,1.0,0.901846149256138,0.992982456140348
B_open,81,0.8123270854654078,1.0,0.9046832644785744,0.9578947368421049
B_open,82,0.8278971168056101,1.0,0.9240778861216429,0.9578947368421049
B_open,83,0.8229180460386333,1.0,0.9990090632418475,0.9017543859649403
B_open,84,0.8995715585049368,1.0,0.9876886427348244,0.9649122807017569
B_open,85,0.879732040351316,1.0,0.9828144088495907,0.978947368421061
B_open,86,0.7991663429090735,1.0,0.9064217627309631,0.9578947368421225
B_open,87,0.783105328944205,1.0,0.8924170280002965,0.8596491228070282
B_open,88,0.7978241220925067,1.0,0.8969239056509684,0.8596491228070282
B_open,89,0.8039820076447031,1.0,0.9484059831964725,0.7614035087719685
B_open,90,0.8442011158473336,1.0,0.9650500790067947,0.8596491228070282
B_open,91,0.8134282634136644,1.0,0.9305952240205607,0.8736842105263323
B_open,92,0.8516877618884456,1.0,0.9749285988235824,0.8807017543859672
B_open,93,0.7829599267967383,1.0,0.9503220107648838,0.75
B_open,94,0.8524937419188823,1.0,0.9705723148391405,0.978947368421061
B_open,95,0.8170015947215615,1.0,0.9583316681926844,0.7399122807017752
B_open,96,0.8341821519252245,1.0,0.9962361561246734,0.6225877192982825
B_open,97,0.8268824078447747,1.0,0.96883853157298,0.9508771929824529
B_open,98,0.8891258548499003,1.0,0.9374721818481845,0.985964912280713
B_open,99,0.7814711156856727,1.0,0.9097806323391586,0.6916666666666846
B_open,100,0.7456033312611186,0.7,0.9023854792145775,0.7217105263158157
B_open,101,0.6783149655359043,0.7,0.9186117978547405,0.6675438596491399
B_open,102,0.7411533592548715,0.7,0.7932468073833177,0.824561403508785
B_open,103,0.7006053995004193,0.7,0.9845143698712164,0.4
C_12,0,0.7174830099579216,1.0,0.9095043784825667,0.4
C_12,1,0.7026324687368891,1.0,0.9009607318173365,0.4
C_12,2,0.7026891384808559,1.0,0.903607499011048,0.4
C_12,3,0.7191963862103882,1.0,0.9094443302905953,0.4
C_12,4,0.6993607919341648,1.0,0.8995079233265313,0.4
C_12,5,0.7242631071160021,1.0,0.9173466051371475,0.4
C_12,6,0.6934272906985249,1.0,0.9100883881792171,0.4
C_12,7,0.7038974756743764,1.0,0.9143689905740547,0.4
C_12,8,0.6945713284216036,1.0,0.9121193080678168,0.4
C_12,9,0.6806914162370769,1.0,0.9079083317913432,0.4
C_12,10,0.6764510552767132,1.0,0.899377597979038,0.4
C_12,15,0.7154417790112538,1.0,0.9098079058507674,0.4
C_12,16,0.6809530163077698,1.0,0.9060295065514807,0.4
C_12,17,0.6926109451022348,1.0,0.9097992131758564,0.4
C_12,18,0.6949867367361894,1.0,0.9237150178649577,0.4
C_12,19,0.6696646114286621,1.0,0.8942370757820763,0.4
C_12,20,0.6822903945580824,1.0,0.9026619882355916,0.4
C_12,21,0.7105315468632031,1.0,0.9145249834462293,0.4
C_12,23,0.7147272208727423,1.0,0.9244737150932445,0.4
C_12,25,0.7376193775984156,1.0,0.9064544474507672,0.7428571428571475
C_12,26,0.745123019496801,1.0,0.9238008605552671,0.7285714285714253
C_12,27,0.7571507745032798,1.0,0.9317715370543052,0.7142857142857204
C_12,28,0.7577502402023786,1.0,0.9211882460137468,0.8428571428571514
C_12,29,0.79928864508852,1.0,0.9275457758305963,0.91428571428571
C_12,30,0.7527577986587263,1.0,0.9134670901211291,0.8428571428571334
C_12,31,0.8128299677414949,1.0,0.9301937473000367,0.9428571428571373
C_12,32,0.7553228607285337,1.0,0.9163044063821569,0.842857142857134
C_12,33,0.7887282483850285,1.0,0.9292354918943733,0.9714285714285812
C_12,34,0.7688775481165516,1.0,0.9134323230713721,0.9142857142857275
C_12,35,0.7496853643192386,1.0,0.9065204420749703,0.7857142857142796
C_12,36,0.7495370796743229,1.0,0.9080711506593399,0.8714285714285606
C_12,37,0.7301419824081735,1.0,0.9166520036430476,0.7714285714285747
C_12,38,0.7478930863097,1.0,0.9114178981073136,0.8571428571428557
C_12,39,0.7379438174975989,1.0,0.9178451998582027,0.8571428571428557
C_12,40,0.7600857714356983,1.0,0.9091324992231827,0.9857142857142693
C_12,41,0.6597926014538477,1.0,0.9192528965577199,0.9857142857142867
C_12,42,0.7717524233410032,1.0,0.9120660418169149,0.9714285714285644
C_12,43,0.8036438219570713,1.0,0.9287205851890871,0.9714285714285812
C_12,44,0.7703962603191207,1.0,0.908953032938463,0.9428571428571367
C_12,45,0.7702333779177969,1.0,0.9160482903907208,0.8999999999999878
C_12,46,0.7824708587915808,1.0,0.9143651975136935,0.9857142857142861
C_12,47,0.7236308627744746,1.0,0.9184866972864254,0.7571428571428525
C_12,48,0.701016929428732,0.7,0.9144673643134398,0.8142857142857068
C_12,49,0.6919768107158857,0.7,0.9188718121378112,0.6571428571428666
C_12,50,0.6720589905049912,0.7,0.9136160213788017,0.6999999999999807
C_12,51,0.7247308317833345,0.7,0.9353176922669438,0.8142857142857242
C_12,52,0.7096846280411067,0.7,0.912510482414115,0.8571428571428736
C_12,53,0.7290489040604802,0.7,0.902562144462741,0.8714285714285959
C_24,0,0.7828162463841876,1.0,0.8847491882581671,0.7463131889015536
C_24,1,0.7100298675839611,1.0,0.7797813653949801,0.741562143671603
C_24,2,0.7027170707222632,1.0,0.7874415693650887,0.7445077917141725
C_24,3,0.7279964947664047,1.0,0.9080857448695656,0.7468643101482282
C_24,4,0.7381730889769844,1.0,0.8110521814904863,0.7388635499809906
C_24,6,0.6887814480801194,1.0,0.9071375914044597,0.4930824781451858
C_24,7,0.704726214811085,1.0,0.9867987440531755,0.49308247814518624
C_24,8,0.6021679187796081,1.0,0.9367757903997113,0.5043899657924679
C_24,9,0.7326522387114277,1.0,0.9214913404841238,0.4857278601292211
C_24,10,0.7953657715141158,1.0,0.9660535293353977,0.9931014823261071
C_24,11,0.7559039815986621,1.0,0.808399502686205,0.9847776510832417
C_24,12,0.776124322641968,1.0,0.8214123837833908,0.9982896237172195
C_24,13,0.8368768378651962,1.0,0.9794466563613955,0.9959331052831596
C_24,14,0.7506085863770321,1.0,0.8902982625757823,0.972614975294568
C_24,15,0.796363027432387,1.0,0.9831551163535017,0.7377232991258112
C_24,16,0.7794391811288262,1.0,0.9122156472252271,0.7526415811478543
C_24,17,0.7435044105211949,1.0,0.8800870082152852,0.7311098441657213
C_24,18,0.7669578849620594,1.0,0.9062586854740855,0.7314519194222775
C_24,19,0.7741974994464105,1.0,0.9599747879823184,0.752641581147853
C_24,22,0.7887017405141442,1.0,0.9748593885693191,0.7497149372862018
C_24,23,0.8017606193374428,1.0,0.9254049878943496,0.7342265298365651
C_24,24,0.6073209029029194,1.0,0.8011865983475572,0.7526415811478543
C_24,25,0.7573601023508899,1.0,0.8214419155397221,0.7472253895857155
C_24,26,0.8088071082916389,1.0,0.9709208490750785,0.7439566704675047
C_24,27,0.7516533860899306,1.0,0.9876077167168319,0.752641581147853
C_24,28,0.7625246752094605,1.0,0.9797004517787716,0.7463892056252392
C_24,29,0.643409885477562,1.0,0.9630784924576056,0.7267008741923293
C_24,30,0.766924616779643,1.0,0.8736454179058171,0.7440706955530272
C_24,31,0.7896273223613992,1.0,0.9186887442657169,0.752641581147853
C_24,32,0.8088401013440746,1.0,0.9992966390556125,0.753686811098443
C_24,34,0.6354810910187147,1.0,0.755277976710543,0.9982896237172194
C_24,35,0.7939176151155092,1.0,0.9511152109954695,0.9945458000760137
C_24,36,0.8400521197232832,1.0,0.9844219946728867,0.9959331052831596
C_24,37,0.7635684534982042,1.0,0.8572430044598482,0.996674268339044
C_24,38,0.7897476049125894,1.0,0.869686443063145,0.9959331052831581
C_24,39,0.7847586440380151,1.0,0.9614848797505122,0.9847776510832417
C_24,40,0.8115547635714878,1.0,0.9441394323137455,0.9962181679969512
C_24,41,0.8387265353625214,1.0,0.9888093746351373,0.9956100342075344
C_24,42,0.7232352367423475,0.7,0.8282837678294839,0.9959331052831581
C_24,44,0.6609591417304018,0.7,0.7993703794134543,0.7476434815659393
C_24,45,0.7215431334420829,0.7,0.8972132043660245,0.7502850627137982
C_24,46,0.7595521717115499,0.7,0.9636401600298802,0.7293994678829279
C_chromatic,0,0.6082212554503942,1.0,0.8194559888943377,0.824999999999991
C_chromatic,4,0.4509840083722475,1.0,0.35,0.5999999999999848
C_chromatic,6,0.7811284257699149,1.0,0.9421280233479831,0.6249999999999843
C_chromatic,7,0.9637650207461287,1.0,0.9600600829845239,0.8249999999999851
C_chromatic,8,0.7020996962342073,1.0,0.6829248237485912,0.6749999999999836
C_chromatic,9,0.8165821892552055,1.0,0.98355444486534,0.7499999999999862
C_chromatic,10,0.7879500730350943,1.0,0.9471787327688079,0.6749999999999698
C_chromatic,11,0.7081298425406372,0.45,0.9524785089540873,0.7999999999999992
C_chromatic,12,0.63912205440166,1.0,0.3715392377382811,0.4999999999999706
C_chromatic,13,0.7960456102114287,1.0,0.9808905233633225,0.5749999999999714
C_chromatic,14,0.8143900847250474,1.0,0.9087839916906401,0.8249999999999832
C_chromatic,15,0.7646013712344945,1.0,0.9293231132619664,0.4
C_chromatic,16,0.613388164637017,1.0,0.35,0.4
C_chromatic,17,0.7492914607376889,1.0,0.9998474605454221,0.4
C_chromatic,18,0.8139662522152399,1.0,0.9529240080469412,0.7249999999999848
C_chromatic,19,0.9515605961728163,1.0,0.9712423846912741,0.7249999999999848
C_chromatic,20,0.6909674499910908,1.0,0.35,0.7499999999999687
C_chromatic,21,0.840283328127745,1.0,0.9689949570321009,0.8499999999999984
C_chromatic,22,0.8692146785888185,1.0,0.9619531119713178,0.7999999999999678
C_chromatic,23,0.8394747603233688,1.0,0.9354572077434631,0.7749999999999859
C_chromatic,24,0.6985816222296996,1.0,0.49944421914129633,0.6249999999999862
C_chromatic,25,0.8061089854843914,1.0,0.9922429920241995,0.5749999999999851
C_chromatic,26,0.8862979581870627,1.0,0.9794064523769088,0.9249999999999855
C_chromatic,27,0.830878060996255,1.0,0.9757286245048921,0.6499999999999702
C_chromatic,28,0.6884330908016277,1.0,0.35,0.9499999999999694
C_chromatic,29,0.8813032181298625,1.0,0.9706952519845211,0.9750000000000161
C_chromatic,30,0.8653916055990972,1.0,0.9915677634820466,0.75
C_chromatic,31,0.9736442461428306,1.0,0.999576984571331,0.8249999999999851
C_chromatic,32,0.7148712538960404,1.0,0.35,0.7749999999999859
C_chromatic,33,0.9263060492624505,1.0,0.9726045904900681,0.6499999999999702
C_chromatic,34,0.8400047472089037,1.0,0.9523144800033339,0.7749999999999839
C_chromatic,35,0.7805184834199428,1.0,0.8962248619406332,0.7750000000000152
C_chromatic,36,0.6841776489889587,1.0,0.35,0.9500000000000007
C_chromatic,37,0.8328723307998577,1.0,0.9541972251908624,0.8499999999999984
C_chromatic,38,0.7887538306483821,1.0,0.9013402706321552,0.6749999999999836
C_chromatic,39,0.9539367725488398,1.0,0.9171616097597278,0.9500000000000007
C_chromatic,40,0.6453356261236608,1.0,0.35,0.4
C_chromatic,41,0.8397088030156228,1.0,0.9312492572358007,0.9750000000000141
C_chromatic,42,0.8476459626270126,1.0,0.9767205130301858,0.9249999999999835
C_chromatic,43,0.7218173147678139,1.0,0.9866796624861686,0.4
C_chromatic,44,0.6125389424276185,1.0,0.35,0.6000000000000003
C_chromatic,45,0.8350354813581095,1.0,0.9874289695322331,0.7749999999999526
C_chromatic,46,0.8102766157509936,1.0,0.939835354674294,0.599999999999971
C_chromatic,47,0.5977820231730636,1.0,0.9937914208803382,0.4
C_chromatic,48,0.7145070741671817,1.0,0.35,0.9500000000000007
C_chromatic,49,0.8376452446982031,1.0,0.9606023131704892,0.75
C_chromatic,50,0.7872702010650623,1.0,0.9497859386518281,0.6499999999999997
C_chromatic,51,0.9882532629204318,1.0,0.9530130516817463,0.9999999999999687
C_chromatic,52,0.6397298510990141,0.45,0.35,0.900000000000029
C_chromatic,53,0.8732764780513647,1.0,0.9625526096612422,0.9999999999999706
C_chromatic,54,0.6208723886469694,1.0,0.9130789258994051,0.6999999999999694
C_chromatic,55,0.8801810178291144,1.0,0.9165476329132531,0.45000000000000073
C_chromatic,56,0.6988650750915268,1.0,0.35,0.9499999999999988
C_chromatic,57,0.5728819138944208,1.0,0.8918568529980571,0.4
C_chromatic,58,0.6173098419959817,1.0,0.936134633865117,0.6499999999999388
C_chromatic,59,0.5781880128502467,1.0,0.9149958418441149,0.4
C_chromatic,60,0.6082612898390718,1.0,0.35,0.599999999999971
C_chromatic,61,0.9682357047322484,1.0,0.9806361695559122,0.9500000000000007
C_chromatic,62,0.6984082334861487,1.0,0.9789766369124082,0.4
C_chromatic,63,0.8120539498311871,1.0,0.9726938642526796,0.599999999999971
C_chromatic,64,0.7378412719367253,1.0,0.817095988328958,0.6999999999999694
C_chromatic,65,0.935837312311653,1.0,0.9311893885991491,0.7999999999999698
C_chromatic,66,0.7926938692364762,0.45,0.9713308866379595,0.9749999999999533
C_chromatic,67,0.8839733792227983,1.0,0.9986977369707811,0.8249999999999851
C_chromatic,68,0.6155847468061816,1.0,0.35,0.9249999999999855
C_chromatic,69,0.6677832465070394,1.0,0.8333422261413772,0.4
C_chromatic,70,0.8777916165236228,1.0,0.971862221403055,0.9499999999999988
C_chromatic,71,0.6072611665244748,1.0,0.9958857796278152,0.4249999999999855
C_chromatic,72,0.7271688947380592,1.0,0.7449187056317936,0.8249999999999832
C_chromatic,73,0.6869068972076046,1.0,0.9792141859024232,0.9750000000000161
C_chromatic,74,0.8411402045482623,1.0,0.9210144611713951,0.9749999999999533
C_chromatic,75,0.9553654054391296,1.0,0.9141995588807746,0.8750000000000138
C_chromatic,77,0.8263938995832123,1.0,0.9496725485467326,0.9750000000000141
C_chromatic,78,0.7856303471290502,1.0,0.9660048113176076,0.6999999999999694
C_chromatic,79,0.977259043869537,1.0,0.9825220380529277,0.9750000000000161
C_chromatic,82,0.7699470018498411,1.0,0.9000899406321381,0.4249999999999855
C_chromatic,83,0.8163816639105612,1.0,0.91644270319801,0.7750000000000152
C_chromatic,84,0.6462872700921201,1.0,0.35,0.8249999999999832
C_chromatic,86,0.5816154215867297,1.0,0.8998962854170847,0.4
C_chromatic,87,0.8097499638985894,1.0,0.952650855557357,0.9249999999999835
C_chromatic,88,0.5813552499593927,0.7,0.35,0.7249999999999848
C_chromatic,89,0.662643359700627,0.7,0.765062250647481,0.599999999999969
C_chromatic,90,0.5905091250130279,0.7,0.8769304429356906,0.8249999999999832
C_chromatic,91,0.8172958621704569,0.7,0.9691375014925974,0.7999999999999678
C_chromatic,93,0.7231271773262327,0.7,0.7464547747511784,0.75
C_chromatic,94,0.7529901689989709,0.7,0.8732787604779217,0.8499999999999984
C_chromatic,95,0.7179841163077666,0.7,0.991549939244733,0.4999999999999706
C_chromatic,97,0.5504765356225363,0.7,0.35,0.4
C_open,0,0.5848873658809316,1.0,0.9347467991796392,0.4896874999999994
C_open,1,0.5868261493458578,1.0,0.9218188824620275,0.49093749999999936
C_open,2,0.5865941201045273,1.0,0.9421099767547904,0.4903124999999994
C_open,3,0.5953493083639017,1.0,0.9222589043521138,0.4903124999999994
C_open,4,0.5971365665098016,1.0,0.9469411411390335,0.4896874999999993
C_open,5,0.5866943067091248,1.0,0.9364628217188214,0.4912499999999993
C_open,7,0.588208074267922,1.0,0.9169423363042273,0.4868749999999994
C_open,8,0.5894358284540097,1.0,0.9217336865854207,0.4868749999999994
C_open,9,0.5804668959735217,1.0,0.921172575619546,0.48437499999999956
C_open,11,0.582750289453853,1.0,0.9269496119639052,0.4196874999999992
C_open,13,0.5692324717693036,1.0,0.8933707216519855,0.4
C_open,14,0.580410868527687,1.0,0.9313132873330576,0.4
C_open,15,0.566482260261799,1.0,0.9122100618570758,0.4
C_open,16,0.5767729171853802,1.0,0.9281184596420211,0.4
C_open,17,0.5740553162601308,1.0,0.9306603494007357,0.4
C_open,18,0.5880512471138186,1.0,0.9228949262411835,0.4
C_open,19,0.5748563832329004,1.0,0.9262123066690547,0.4
C_open,20,0.5752845820603968,1.0,0.9146014812790704,0.4
C_open,22,0.5678347415866466,1.0,0.9190835913333603,0.4
C_open,23,0.5660340874762132,1.0,0.9075994314283613,0.4
C_open,24,0.5711408850673616,1.0,0.9236311073923882,0.4
C_open,25,0.5833439304658165,1.0,0.9382161979062515,0.4
C_open,28,0.5720363989570573,1.0,0.9223001400701976,0.4
C_open,29,0.5834920510548024,1.0,0.9211208938744051,0.48249999999999926
C_open,30,0.5897242718361442,1.0,0.9207631898098326,0.4868749999999994
C_open,32,0.594724102894472,1.0,0.9354842140439245,0.48749999999999927
C_open,33,0.5985183448532198,1.0,0.9302437255785881,0.5484374999999992
C_open,34,0.6163997481381989,1.0,0.9283814132441315,0.6115624999999996
C_open,35,0.6136274508186855,1.0,0.930487576486947,0.6112499999999994
C_open,36,0.6058088656904863,1.0,0.9285841448090674,0.6134374999999994
C_open,37,0.608061808298333,1.0,0.9207729519356679,0.6096874999999997
C_open,39,0.6332139670002476,1.0,0.9129832046011034,0.8090624999999998
C_open,40,0.6287507540624431,1.0,0.9192357592677303,0.7409375
C_open,41,0.6340585854490819,1.0,0.9168231254345581,0.7406249999999998
C_open,42,0.6250673891822751,1.0,0.9352303535480045,0.7409375
C_open,43,0.6305930566039456,1.0,0.921442793378491,0.7418749999999996
C_open,44,0.6233457023698941,1.0,0.9189708323081596,0.7415625000000003
C_open,47,0.6394591928594383,1.0,0.9120946537307819,0.8728125
C_open,49,0.6398317073139796,1.0,0.9013788618018901,0.8675000000000005
C_open,52,0.6669362280620263,1.0,0.9379702615891312,0.9984375000000006
C_open,53,0.6638836059974224,1.0,0.9263739204577717,0.9975000000000008
C_open,55,0.6620208110311022,1.0,0.9037314394855649,0.9968750000000005
C_open,56,0.6661865017491877,1.0,0.9124248397927286,0.9987499999999992
C_open,57,0.6671417376700111,1.0,0.9352749341919028,0.9987500000000001
C_open,58,0.6601699427988569,1.0,0.9119597478737769,0.9943750000000007
C_open,60,0.6546408214711512,1.0,0.9101439141372775,0.9990624999999995
C_open,61,0.6574210103318401,1.0,0.9069343870576149,0.9946875000000002
C_open,62,0.665763313061533,1.0,0.9302667769684462,0.9962500000000002
C_open,63,0.6667115493461846,1.0,0.9550447687576631,0.9931250000000008
C_open,64,0.6663727497079087,1.0,0.9178579336336579,0.9959375
C_open,65,0.6598901856167935,1.0,0.9156565114219513,0.9959375
C_open,66,0.6654431839168803,1.0,0.9172645762566918,0.9928125000000005
C_open,68,0.6633112120007802,1.0,0.9299345376395747,0.9987499999999992
C_open,69,0.6661533315888074,1.0,0.9251700902500212,0.9996875000000005
C_open,70,0.6753315383897122,1.0,0.9241396798809015,1.0
C_open,71,0.6705961515851029,1.0,0.9318320978632387,0.938125
C_open,73,0.66078593628116,1.0,0.9253672174019546,0.9937841796874973
C_open,74,0.6051229663574788,0.7,0.9208145907454176,0.8740625000000004
C_open,75,0.6991840230281553,0.7,0.9291648993710202,0.8012500000000004
C_open,77,0.6134820163705375,0.7,0.9492480854481881,0.8634375000000005
C_open,78,0.5951424749802013,0.7,0.9250049211492677,0.8612500000000001
C_open,79,0.6005511124477078,0.7,0.9241148082151509,0.8668750000000001
C_open,81,0.5921931142901087,0.7,0.8825820019549677,0.8718749999999997
C_open,82,0.5993476171722031,0.7,0.9313454691743974,0.8703125000000005
C_open,83,0.704729888463372,0.7,0.9338933658138112,0.8731249999999998
C_open,85,0.5949961942005166,0.7,0.9211569978347899,0.8121875000000003
C_open,87,0.5997885719812242,0.7,0.9173664160537649,0.868125
C_open,89,0.6087140287711292,0.7,0.9259047559202404,0.8731249999999998
C_open,90,0.5923232420139317,0.7,0.9186092333795717,0.8709375000000001
C_open,91,0.6037583106551305,0.7,0.9205795194192772,0.869375
C_open,92,0.5911743335153326,0.7,0.9309722391808214,0.75
C_open,93,0.5877432903605988,0.7,0.9448592546594243,0.7450000000000012
C_open,98,0.6233336078226188,0.7,0.9312017594581758,0.999062500000001
C_open,99,0.6305657990804341,0.7,0.9361141744466007,0.9993749999999989
C_open,101,0.61452450156019,0.7,0.9507783068248881,0.9349999999999997
Cmaj7,5,0.6287905657596451,1.0,0.6666666666666667,0.4
Cmaj7,6,0.659539895952595,1.0,0.6666666666666667,0.4
Cmaj7,9,0.6268252389086694,1.0,0.6666666666666667,0.5202380952380965
Cmaj7,10,0.6490640611861159,1.0,0.6666666666666667,0.5047619047619059
Cmaj7,11,0.6361979347444554,1.0,0.6666666666666667,0.5142857142857158
Cmaj7,12,0.6377520013731907,1.0,0.6666666666666667,0.5178571428571448
Cmaj7,14,0.696359374801627,1.0,0.6666666666666667,0.7571428571428579
Cmaj7,15,0.6983066318442154,1.0,0.6666666666666667,0.7595238095238102
Cmaj7,16,0.6726554826289587,1.0,0.6666666666666667,0.7511904761904772
Cmaj7,17,0.6888846755190291,1.0,0.6666666666666667,0.7464285714285728
Cmaj7,18,0.6748754947610283,1.0,0.6666666666666667,0.7654761904761914
Cmaj7,19,0.6982460714580162,1.0,0.6666666666666667,0.7678571428571438
Cmaj7,20,0.7208337686930567,1.0,0.6666666666666667,0.7761904761904765
Cmaj7,21,0.6981404282136835,1.0,0.6666666666666667,0.7797619047619055
Cmaj7,22,0.7178503278054084,1.0,0.6666666666666667,0.7642857142857146
Cmaj7,23,0.5749665403927988,1.0,0.6666666666666667,0.7476190476190482
Cmaj7,25,0.7468170570617747,1.0,0.6666666666666667,0.9904761904761904
Cmaj7,26,0.7008419718550606,1.0,0.6666666666666667,0.9952380952380954
Cmaj7,28,0.7048686308495459,1.0,0.6666666666666667,0.9843749999999994
Cmaj7,29,0.7320431521140082,1.0,0.6666666666666667,0.998809523809524
Cmaj7,30,0.72722166901305,1.0,0.6666666666666667,0.9988095238095239
Cmaj7,31,0.7081745814766729,1.0,0.6666666666666667,0.9964285714285706
Cmaj7,32,0.7647594679100302,1.0,0.6666666666666667,0.9964285714285713
Cmaj7,33,0.6112317489579104,1.0,0.6666666666666667,0.991666666666667
Cmaj7,35,0.6895279966054626,1.0,0.6666666666666667,0.7380952380952366
Cmaj7,36,0.7040002918987152,1.0,0.6666666666666667,0.7357142857142858
Cmaj7,37,0.696586257142855,1.0,0.6666666666666667,0.7440476190476195
Cmaj7,38,0.6805484414104476,1.0,0.6666666666666667,0.7488095238095238
Cmaj7,39,0.6705949223171938,1.0,0.6666666666666667,0.7511904761904761
Cmaj7,40,0.6521535571597378,0.7,0.6666666666666667,0.7700334821428583
Cmaj7,41,0.6425231062944051,0.7,0.6666666666666667,0.7768415178571428
Cmaj7,45,0.582104664789511,0.7,0.6666666666666667,0.4
Cmaj7,46,0.5750800754387861,0.7,0.6666666666666667,0.4
Cmaj7,47,0.5930011788523224,0.7,0.6666666666666667,0.4
Cmaj7,48,0.4705116551178985,0.7,0.6666666666666667,0.4
Cmaj7,49,0.5765585943863702,0.7,0.6666666666666667,0.4
Cmaj7,50,0.5687817116625552,0.7,0.6666666666666667,0.4
Cmaj7,51,0.4781459605822703,0.7,0.6666666666666667,0.4
Cmaj7,52,0.5657250202957558,0.7,0.6666666666666667,0.4
Cmaj7,53,0.5650539555294017,0.7,0.6666666666666667,0.9988095238095228
D_12,0,0.628387743050016,1.0,0.934279920625731,0.75
D_12,1,0.7795496490100824,1.0,0.9470579372144113,1.0
D_12,2,0.5898146761973344,1.0,0.9403767944021302,0.4
D_open,4,0.5789941410920336,1.0,0.9248751723972606,0.4
D_open,10,0.5704633821284909,1.0,0.9159600918427031,0.4
D_open,12,0.5777701656114234,1.0,0.9232475134651531,0.4
D_open,14,0.5669099530403582,1.0,0.9156750813587129,0.4
D_open,16,0.5830066345190054,1.0,0.9290699752147967,0.4
D_open,18,0.5666176693037173,1.0,0.8759769036727132,0.4
D_open,22,0.6381236524703998,1.0,0.9097772336579713,0.8421052631578954
D_open,26,0.6303599514555048,1.0,0.886674559392241,0.8486842105263164
D_open,28,0.6483723335399102,1.0,0.929227917786538,0.8541021671826632
D_open,32,0.6120604367040778,1.0,0.9153534011144054,0.6853715170278648
D_open,34,0.6271002771399024,1.0,0.9022879613194839,0.6900154798761617
D_open,40,0.5992379705611484,0.7,0.9320937283980217,0.8421052631578954
D_open,46,0.535072748433612,0.7,0.8835233588467121,0.5282507739938094
D_open,49,0.5713469421996688,0.7,0.9435289782283007,0.613390092879258
D_open,50,0.5685077009742879,0.7,0.8904375053016085,0.6904024767801868
D_open,54,0.5172646697466381,0.7,0.876702503008669,0.4489164086687326
D_open,56,0.5852751706086761,0.7,0.92692024566116,0.684210526315791
D_open,58,0.6001641786788355,0.7,0.9262085756115793,0.8482972136222914
D_open,60,0.6170010279208247,0.7,0.9107462651459164,0.9996130030959751
D_open,62,0.6165284965309895,0.7,0.9193400746649123,1.0
D_open,64,0.6183263253355331,0.7,0.9351535998420113,0.997291021671826
D_open,66,0.6093642093887062,0.7,0.8811423473652924,0.9941950464396281
D_open,68,0.5969916651291961,0.7,0.9264490908023004,0.8328173374613007
D_open,70,0.5966678246048576,0.7,0.9161818523297798,0.8386222910216719
D_open,73,0.5777021051074848,0.7,0.9129776019336533,0.7507739938080499
D_open,74,0.5602642133596778,0.7,0.8999622855415764,0.6745356037151711
D_open,76,0.5617256258368182,0.7,0.9114651762247048,0.6760835913312702
D_open,77,0.5567430007021659,0.7,0.9075910473924527,0.6787925696594428
D_open,79,0.5739054517286291,0.7,0.9083599276012098,0.75
D_open,80,0.5644622590397743,0.7,0.886419931540023,0.75
D_open,82,0.5812032227535326,0.7,0.8880557121939241,0.8297213622291015
D_open,84,0.6015861604348822,0.7,0.920889032296496,0.8347523219814246
D_open,86,0.5954969672891702,0.7,0.9300178502289633,0.8413312693498456
D_open,87,0.5902942927109083,0.7,0.9329177433142649,0.8424922600619198
D_open,88,0.5810008514773296,0.7,0.9147347237866121,0.765479876160991
D_open,90,0.5572764954283277,0.7,0.920884740798984,0.5212848297213629
D_open,92,0.707170707512407,0.7,0.9023960805101134,0.4
E_12,0,0.6632864032998994,1.0,0.9534440585995618,0.9090909090909238
E_12,1,0.8028756261109984,1.0,0.9761312227531719,0.9090909090909238
E_12,2,0.7499134001443899,1.0,0.9737992032884354,0.7272727272727653
E_12,3,0.7128375293969756,1.0,0.9879669728473314,0.4
E_12,4,0.699956648998498,1.0,0.9822038638046792,0.4
E_12,5,0.7111209998409102,1.0,0.9759004083336478,0.4
E_12,6,0.700706053657241,1.0,0.9845121062060871,0.4
E_12,7,0.7401263506749519,1.0,0.9832534500626313,0.4
E_12,8,0.7031939460765401,1.0,0.9730394916711816,0.4
E_12,9,0.7034768930616034,1.0,0.9644618762405647,0.4
E_12,11,0.6889651657776049,1.0,0.9629478909002118,0.4
E_12,13,0.786199454323234,1.0,0.9938851459998901,0.7272727272727724
E_12,14,0.7861347367199043,1.0,0.9684584213903605,1.0
E_12,15,0.7909209339677086,1.0,0.9787217786141251,0.8636363636363724
E_12,16,0.7721731895383606,1.0,0.9957157720864487,0.659090909090938
E_12,17,0.795696242743016,1.0,0.9966934239792671,0.7045454545454761
E_12,18,0.775401406892076,1.0,0.9964068357191713,0.7727272727272828
E_12,19,0.79356430672795,1.0,0.9905380867820748,0.7045454545454903
E_12,20,0.8002240310451837,1.0,0.999197172908176,0.7727272727273113
E_12,21,0.7900583150013792,1.0,0.9975156996685346,0.75
E_12,22,0.8061433074422847,1.0,0.9988574061678779,0.9090909090909238
E_12,23,0.8150599974278113,1.0,0.9953644886785539,0.9318181818182066
E_12,24,0.8226966786833326,1.0,0.9952806841547017,0.9545454545454343
E_12,25,0.8365106913932407,1.0,0.9937569583344242,0.9545454545454619
E_12,26,0.7701686618354983,1.0,0.9996141663866259,0.8863636363636419
E_12,27,0.7318919286731952,1.0,0.9946656057198066,0.43465909090917265
E_12,28,0.812197700658034,1.0,0.9949965588461173,0.9318181818182066
E_12,29,0.7966863162892789,1.0,0.9979488915187025,0.8181818181818209
E_12,30,0.7282855033694668,1.0,0.9874145651247623,0.40838068181826626
E_12,31,0.8353023597183628,1.0,0.9948932912216594,0.9772727272727172
E_12,32,0.7768849938315247,1.0,0.9827761681176028,0.8863636363636419
E_12,33,0.8232601885529559,1.0,0.9916878609874972,0.9772727272727172
E_12,34,0.7684544960339811,1.0,0.997693285874097,0.7272727272727724
E_12,35,0.7837130487006229,1.0,0.9946297931200486,0.590909090909159
E_12,36,0.778405361166573,1.0,0.9923085788997845,0.8409090909091314
E_12,37,0.8398798490834597,1.0,0.9963615790828086,0.9999999999999724
E_12,38,0.8160411832099251,1.0,0.9938860450422176,0.9545454545454619
E_12,39,0.7870767303914498,1.0,0.9993756889465264,0.8636363636363866
E_12,40,0.8158501646826044,1.0,0.9956546331154096,0.9318181818181791
E_12,41,0.7941646976122684,1.0,0.9965995244385837,0.6590909090909522
E_12,42,0.7831707410108285,1.0,0.9995727695370951,0.7350852272727901
E_12,43,0.7983104349339247,1.0,0.9954758885007644,0.7954545454545656
E_12,44,0.7715853552737588,1.0,0.9989359655090897,0.7045454545454903
E_12,45,0.7851763660092017,1.0,0.9900156401121738,0.6818181818181799
E_12,46,0.7041631725681516,0.7,0.9551562539179713,0.8636363636363306
E_12,47,0.6822048118899823,0.7,0.9647980720125784,0.5852272727273382
E_12,49,0.6478896443406665,0.7,0.9849694927315038,0.4
E_open,0,0.6858183315669674,1.0,0.8439543330443682,0.4
E_open,1,0.5182967963955496,1.0,0.6411453599578323,0.4
E_open,2,0.7257009876590607,1.0,0.9157240758549605,0.4
E_open,3,0.5875529644580112,1.0,0.5520108725046002,0.4
E_open,4,0.6879382564073453,1.0,0.9037593637659147,0.4
E_open,7,0.6898575371193231,1.0,0.8986217518763486,0.4
E_open,8,0.6560990465251406,1.0,0.8344512547515389,0.4
E_open,9,0.710558515061447,1.0,0.9579177544317443,0.4
E_open,10,0.6690396314910562,1.0,0.9107799256946009,0.4
E_open,18,0.5386404682506156,1.0,0.7310475027630533,0.4
E_open,19,0.6703563771599649,1.0,0.916775441427266,0.4
E_open,20,0.6348357631619039,1.0,0.7530938780801574,0.4
E_open,21,0.5820147642526867,1.0,0.8992033045376348,0.4
E_open,22,0.6732879575619838,1.0,0.8986491422209594,0.4
E_open,24,0.7196816790102617,1.0,0.9999745550277144,0.5736899563318748
E_open,25,0.6774211732350326,1.0,0.8239956006367285,0.5627729257641885
E_open,27,0.6071990644586344,1.0,0.7940023858306532,0.7756550218340581
E_open,29,0.6690034446508167,1.0,0.9076552351746044,0.9710698689956344
E_open,30,0.6620694073137738,1.0,0.8720716427198867,0.9874454148471625
E_open,31,0.779646875565882,1.0,0.9729292918102788,0.9667030567685603
E_open,33,0.6202763988076853,1.0,0.8556764643159179,0.7472707423580784
E_open,34,0.7268578401069166,1.0,0.8933202806729666,0.7560043668122264
E_open,35,0.7731329307349772,1.0,0.9573200795330857,0.9765283842794776
E_open,36,0.6372875647604188,1.0,0.7892971807775893,0.9732532751091714
E_open,37,0.765803023710891,1.0,0.8676641672685848,0.9645196506550233
E_open,39,0.6487474900302687,1.0,0.9613676228992037,0.7363537117903919
E_open,40,0.7438790597766868,1.0,0.993416333220416,0.7680131004366806
E_open,42,0.6044897465835771,1.0,0.9765238420772803,0.5300218340611333
E_open,43,0.6971724673509887,1.0,0.9061407427397916,0.5474890829694308
E_open,44,0.7500954991844592,1.0,0.9792736567418326,0.7549126637554572
E_open,45,0.6482975759058828,1.0,0.9883368219668957,0.7483624454148476
E_open,46,0.7338844932099163,1.0,0.9315292077328858,0.7527292576419216
E_open,47,0.5820504734387518,1.0,0.7317545677429464,0.7396288209606983
E_open,48,0.7255507903881573,1.0,0.8298933433582534,0.7505458515283846
E_open,49,0.7184507065136407,1.0,0.903568645035324,0.7363537117903919
E_open,50,0.6363661094490147,1.0,0.9311079063953926,0.7429039301310044
E_open,51,0.7273820636677494,1.0,0.9336564515345124,0.7287117903930133
E_open,52,0.7273904676000489,1.0,0.9408589607776088,0.7472707423580784
E_open,53,0.6244130476548246,1.0,0.8674984738132111,0.7603711790393017
E_open,54,0.6408550174285849,1.0,0.9403848561802294,0.7494541484716153
E_open,55,0.7521771452279841,1.0,0.8810482701740819,0.9983624454148475
E_open,56,0.6358797740941293,1.0,0.7591643161624367,0.9983624454148476
E_open,57,0.6511362705050228,1.0,0.8128205604225366,0.9983624454148475
E_open,58,0.6834397492801066,1.0,0.9511137096021866,0.9983624454148476
E_open,60,0.6094256562758241,1.0,0.8258956975972769,0.7800218340611362
E_open,61,0.5879216743033946,1.0,0.72081175792576,0.766921397379914
E_open,62,0.5531113695102967,1.0,0.6030433275781759,0.7516375545851537
E_open,64,0.7136164914545269,1.0,0.9914915043477486,0.5529475982532741
E_open,65,0.7191802976904534,1.0,0.9181713245458551,0.5278384279475965
E_open,66,0.7383647516267274,1.0,0.9682135461767654,0.7472707423580769
E_open,67,0.6648486593761803,1.0,0.900394934086205,0.9710698689956344
E_open,68,0.6236883820542138,1.0,0.8581033276837279,0.7887554585152814
E_open,69,0.6399191952594137,1.0,0.9436670718907784,0.7778384279475951
E_open,70,0.698467602876452,1.0,0.925023918073778,0.5715065502183365
E_open,72,0.6525891444581179,1.0,0.8325741297937556,0.4
E_open,74,0.6215513868222879,1.0,0.986758088389788,0.5463973799126616
E_open,75,0.5356087265972589,1.0,0.7340322047330521,0.4
E_open,76,0.6583524862947202,1.0,0.8685259790799333,0.4
E_open,77,0.6655295330778633,1.0,0.8987915828292368,0.4
E_open,78,0.5853242213741137,1.0,0.9298922270963834,0.4
E_open,79,0.6056957053459089,0.7,0.7696089051357043,0.4
E_open,82,0.6690507176926299,0.7,0.994827825670652,0.5649563318777241
E_open,83,0.6300463599850188,0.7,0.7657674986665737,0.5398471615720493
E_open,85,0.69901822635748,0.7,0.9519503240036636,0.769104803493447
E_open,87,0.7535727338409008,0.7,0.983850936753402,0.9819868995633153
E_open,88,0.6253906161681555,0.7,0.9222776039201047,0.9972707423580784
E_open,89,0.7291098564343811,0.7,0.9709177171117827,0.9754366812227084
E_open,90,0.7269911983371149,0.7,0.9670726382706762,0.9710698689956344
E_open,91,0.7133991341183726,0.7,0.9078835437335296,0.9852620087336257
E_open,92,0.6073692046753307,0.7,0.9075417782235189,0.9776200873362467
E_open,93,0.6963861451307464,0.7,0.8363555541870992,0.9776200873362467
E_open,94,0.6181577636020332,0.7,0.8829935643902336,0.9896288209607023
E_open,95,0.5946686824613004,0.7,0.7745227853912025,0.9907205240174688
E_open,96,0.5447128794800311,0.7,0.7628565544866766,0.7963973799126629
E_open,97,0.530182224589246,0.7,0.7020818156825233,0.7822052401746717
E_open,98,0.5882598580184389,0.7,0.8921989290139765,0.7843886462882074
E_open,99,0.6172460301648215,0.7,0.9892297883261756,0.8073144104803467
E_open,100,0.5144902926295912,0.7,0.6242668426369409,0.795305676855891
E_open,101,0.6983733937113665,0.7,0.9356075165043922,0.7909388646288171
E_open,102,0.7155538327569773,0.7,0.9995321543211542,0.7865720524017458
G_12,0,0.7416493104277707,1.0,0.993722873317559,0.4
G_12,1,0.7054407178386252,1.0,0.9991425071973398,0.4
G_12,2,0.7524004833339145,1.0,0.989721108353963,0.4
G_12,3,0.7159130391234764,1.0,0.9939242001477571,0.4
G_12,4,0.7374410943246318,1.0,0.9938314173964872,0.4
G_12,6,0.7310448770376962,1.0,0.9968327899536181,0.4
G_12,8,0.7458834149740748,1.0,0.9912000978335761,0.4
G_12,9,0.739241647866551,1.0,0.9936232059671709,0.4
G_12,10,0.7514016902441812,1.0,0.9950797932044015,0.4
G_12,12,0.7217668400931759,1.0,0.9939816824259998,0.4
G_12,14,0.755151602049355,1.0,0.9952973541182889,0.4
G_12,15,0.7270328354357712,1.0,0.997083342479156,0.4
G_12,16,0.7421233337047118,1.0,0.9994589529126764,0.4
G_12,18,0.780186535779488,1.0,0.9995166136414507,0.7825581395348835
G_12,19,0.7836301105350266,1.0,0.9984503894141371,0.7709302325581386
G_12,20,0.7916415848294122,1.0,0.9991177193515812,0.7662790697674411
G_12,21,0.7845375401459169,1.0,0.9959185625829345,0.7802325581395348
G_12,22,0.7956580222215723,1.0,0.9978340738718137,0.7686046511627898
G_12,23,0.7630557483212176,1.0,0.9970693741880007,0.7569767441860462
G_12,24,0.7853506421130938,1.0,0.9996460857623549,0.7453488372093027
G_12,25,0.8087557285169307,1.0,0.9979912308203135,0.7755813953488374
G_12,26,0.7878902184014197,1.0,0.9968607292969182,0.7848837209302322
G_12,27,0.7792368105799805,1.0,0.9967547556225749,0.77093023255814
G_12,28,0.783571943381519,1.0,0.9996035797481455,0.7779069767441847
G_12,30,0.7873819162144886,1.0,0.9983302113654818,0.7244186046511627
G_12,31,0.7501836895532805,1.0,0.9982783574977264,0.7406976744186051
G_12,32,0.7851407407143789,1.0,0.9975999417944214,0.7686046511627896
G_12,33,0.7637765811889791,1.0,0.9998670460971297,0.7755813953488372
G_12,34,0.7913024215477442,1.0,0.9973847562638882,0.77093023255814
G_12,35,0.7824191705166313,1.0,0.9964097236157012,0.7779069767441875
G_12,36,0.8210006714896083,1.0,0.9992492594576844,0.7639534883720951
G_12,37,0.7664211204245535,1.0,0.9962342861501499,0.7453488372093027
G_12,38,0.7862266283490128,1.0,0.9923486813695307,0.7523255813953474
G_12,39,0.8065445660275058,1.0,0.9990813844652385,0.7686046511627926
G_12,40,0.7933224382409593,1.0,0.997959583109541,0.7779069767441875
G_12,41,0.7779539253620557,1.0,0.9942666340027795,0.75
G_12,42,0.7951674819212907,1.0,0.9986612171498245,0.75
G_12,43,0.7719062314950922,1.0,0.9982247852791263,0.7569767441860479
G_12,44,0.7847254157747426,1.0,0.9864850484121108,0.761627906976745
G_12,45,0.8036331771155717,1.0,0.9992592280145834,0.7406976744186051
G_12,46,0.7956672268503379,1.0,0.9942807382725642,0.7593023255813949
G_12,47,0.7857534656447396,1.0,0.9939145119354759,0.7476744186046499
G_12,48,0.73315682034544,0.7,0.9915762621591904,0.7732558139534901
G_12,49,0.7472669414715661,0.7,0.99752653702665,0.7406976744186051
G_12,50,0.7362806389873042,0.7,0.9924509990826621,0.7848837209302322
G_12,51,0.7031780720217192,0.7,0.9865732177238065,0.7174418604651182
G_12,52,0.7420101095239019,0.7,0.9913898443510665,0.7383720930232549
G_12,53,0.715522388782051,0.7,0.9875463648164777,0.75
G_open,0,0.7259444698626324,1.0,0.9325170450183261,0.6249999999999996
G_open,1,0.5046360611491204,1.0,0.500166589260605,0.6249999999999996
G_open,2,0.7019707267665852,1.0,0.7604993010473067,0.6249999999999996
G_open,3,0.6024836862775024,1.0,0.49939246307800833,0.6249999999999996
G_open,4,0.8227477488068574,1.0,0.8943027866235196,0.6347316704459558
G_open,5,0.7123070803960877,1.0,0.7887951448013087,0.6249999999999996
G_open,6,0.7518933760043649,1.0,0.828295557402873,0.6249999999999996
G_open,7,0.7955948212992012,1.0,0.8670120243013772,0.6249999999999998
G_open,8,0.5167507406568926,1.0,0.49829724253077967,0.6249999999999998
G_open,9,0.7539483379510955,1.0,0.8139994552282017,0.63558201058201
G_open,10,0.491059064531858,1.0,0.4165480398707625,0.6249999999999993
G_open,11,0.679048489653079,1.0,0.6969385561855181,0.6249999999999993
G_open,12,0.7012327768285319,1.0,0.7437192687418026,0.6249999999999998
G_open,13,0.5612294757829687,1.0,0.6863168674669993,0.6249999999999998
G_open,14,0.7606179619301677,1.0,0.8964279818206162,0.6249999999999998
G_open,15,0.813684272066781,1.0,0.9025711493102091,0.6249999999999993
G_open,16,0.7342319633003589,1.0,0.7747937145886727,0.6249999999999993
G_open,17,0.5164420519640027,1.0,0.5749878643709279,0.6249999999999993
G_open,18,0.8485413045349294,1.0,0.9842792256540657,0.6286470143612999
G_open,19,0.9082466100742282,1.0,0.9474383402799701,0.6249999999999998
G_open,20,0.8255204150570418,1.0,0.9165389194708804,0.6249999999999998
G_open,21,0.5302616190707629,1.0,0.5816571639365389,0.6249999999999998
G_open,22,0.9308855722579344,1.0,0.9844026609182818,0.6249999999999993
G_open,23,0.6895226409851342,1.0,0.684723915304297,0.8816515495086922
G_open,24,0.6736354903194156,1.0,0.6259347871182814,0.8749999999999997
G_open,25,0.5780004493765197,1.0,0.6421186037705404,0.8838057445200305
G_open,26,0.8273612930956227,1.0,0.9390411212982545,0.8749999999999997
G_open,27,0.815396957389761,1.0,0.8557318201324614,0.8749999999999997
G_open,28,0.846843130740568,1.0,0.9074238656291753,0.8831065759637189
G_open,29,0.5566126983646131,1.0,0.5180138022049311,0.8749999999999997
G_open,30,0.597456094143367,1.0,0.6843389294966833,0.8749999999999997
G_open,31,0.6950047029138654,1.0,0.7218642358232259,0.8749999999999997
G_open,32,0.7750014841401169,1.0,0.7713073971316184,1.0
G_open,33,0.81046043518368,1.0,0.7669017067175716,1.0
G_open,34,0.8542624206597109,1.0,0.9305569300304114,0.8750000000000004
G_open,35,0.7979426969547939,1.0,0.80899706855845,0.8750000000000004
G_open,36,0.5497194430029471,1.0,0.4851057437965155,0.8750000000000004
G_open,37,0.7279734856185314,1.0,0.7193459899016444,0.8750000000000004
G_open,38,0.5786930797696285,1.0,0.6532070424348173,0.8702947845804992
G_open,39,0.9526159907911892,1.0,0.9445222156578346,0.8750000000000004
G_open,40,0.8741386089743209,1.0,0.9993984314018663,0.8729780801209368
G_open,41,0.6930637390868003,1.0,0.686608010223634,0.8750000000000004
G_open,42,0.8059325533160658,1.0,0.9739050043371054,0.75
G_open,44,0.7146333096051913,1.0,0.8238221018795664,0.6250000000000004
G_open,46,0.7577636652913051,1.0,0.8843106881040202,0.6250000000000004
G_open,47,0.5344182117574533,1.0,0.5736273002003018,0.6249999999999998
G_open,48,0.7483004441713271,1.0,0.8473432088309758,0.6249999999999998
G_open,49,0.7545207470397783,1.0,0.8783148990803804,0.6250000000000004
G_open,50,0.5497505693810066,1.0,0.7046417043922175,0.6250000000000004
G_open,51,0.6991342629547634,1.0,0.8044587731756039,0.6250000000000004
G_open,52,0.7761943118702643,1.0,0.9307851777786827,0.6199924414210137
G_open,53,0.795029046236989,1.0,0.8581837733642091,0.624999999999999
G_open,54,0.7955679370856578,1.0,0.920943257458534,0.6250000000000004
G_open,55,0.5757798944943424,1.0,0.7633036279769119,0.6250000000000004
G_open,56,0.7810087044928158,1.0,0.9766874363156043,0.6250000000000004
G_open,57,0.49963891021284756,1.0,0.47500843376059154,0.6250000000000004
G_open,58,0.7821746083262524,1.0,0.9145605712088194,0.624999999999999
G_open,59,0.6773543331184195,1.0,0.7734108429895089,0.6250000000000004
G_open,60,0.7999719547557042,1.0,0.9576761956924059,0.6143990929705209
G_open,61,0.5278208292845925,1.0,0.6131302095156954,0.6250000000000004
G_open,62,0.4952945088276923,1.0,0.4640162874215974,0.6140589569160997
G_open,63,0.49683903424707354,1.0,0.4726988102072619,0.624999999999999
G_open,66,0.7749334694547124,1.0,0.8365162692173739,0.8750000000000012
G_open,68,0.8003992225236062,1.0,0.8465265472753799,1.0
G_open,72,0.576576010134735,1.0,0.738891605771274,0.6275510204081626
G_open,73,0.7751097546109046,1.0,0.9177329966801582,0.7500000000000007
G_open,74,0.7108868362749898,1.0,0.7416268033300148,0.8749999999999997
G_open,76,0.7770642240152683,1.0,0.8447650520759102,0.8749999999999997
G_open,77,0.68530635202632,1.0,0.6470958870841338,0.8847883597883597
G_open,78,0.8322553409804266,1.0,0.9183998908748846,0.8749999999999997
G_open,79,0.6813043333679287,1.0,0.6626984198574662,0.8663454270597127
G_open,80,0.8628622595762105,1.0,0.9674003492051069,0.8749999999999997
G_open,81,0.8023601461930006,1.0,0.897734631502549,0.8750000000000012
G_open,84,0.844046623468836,1.0,0.9815228598215339,0.8749999999999997
G_open,85,0.8373226388928554,1.0,0.9746512187916384,0.8750000000000012
G_open,86,0.7914330402547541,1.0,0.8181626863874841,0.8750000000000012
G_open,87,0.7637628601056345,1.0,0.8065371312621629,0.8750000000000012
G_open,88,0.7823457453570123,1.0,0.89609286079228,0.8672335600907023
G_open,89,0.7409797153823039,0.7,0.8510648078498938,0.8749999999999997
G_open,90,0.7047383531728534,0.7,0.7778960720664212,0.8750000000000012
G_open,91,0.7461486508575792,0.7,0.8811226486964924,0.8750000000000012
G_open,92,0.7973626388881013,0.7,0.9128354824198666,0.8749999999999997
G_open,93,0.798541746922509,0.7,0.9850751511820698,0.8749999999999997
G_open,95,0.7905023358548354,0.7,0.8470916404601372,1.0
G_open,97,0.7727094614012429,0.7,0.8368641001568481,0.8785147392290257
G_open,98,0.5677584981712835,0.7,0.7789854573496661,0.8750000000000013
G_open,99,0.6815892028709374,0.7,0.7713700921715929,0.87704081632653
G_open,101,0.6475395073598317,0.7,0.7363863474293878,0.7499999999999979
G_open,102,0.5225434656631913,0.7,0.655543167340052,0.7500000000000007
